text,sentiment,app_category,rating,app_version,device_type,review_length,helpful_votes
Love this app! Super intuitive interface and works perfectly every time!,Positive,Productivity,5,1.2.7,iPad,72,2
Brilliant app with incredible attention to detail! Worth every penny!,Positive,Social,4,5.0.5,Android,69,36
Amazing functionality and beautiful design! This app is a game changer!,Positive,Entertainment,5,3.4.7,iPad,71,7
Perfect execution and great features! Best app I've downloaded this year!,Positive,Education,4,5.5.3,Tablet,73,6
Perfect execution and great features! Best app I've downloaded this year!,Positive,Games,5,5.3.0,iPhone,73,3
"Perfect app! Clean design, fast performance, and excellent functionality!",Positive,Games,4,4.7.7,Android,73,6
Excellent app that works flawlessly! Great customer support too!,Positive,Health,4,2.1.4,Tablet,64,46
Outstanding app that does exactly what it promises! Highly recommend!,Positive,Health,4,4.7.7,Tablet,69,30
Brilliant app with incredible attention to detail! Worth every penny!,Positive,Social,4,5.7.2,iPhone,69,49
Brilliant app with incredible attention to detail! Worth every penny!,Positive,Education,4,2.9.1,Tablet,69,44
Incredible app that exceeds expectations! Simple yet powerful interface!,Positive,Productivity,4,1.1.4,Android,72,8
Perfect execution and great features! Best app I've downloaded this year!,Positive,Utilities,4,4.0.3,iPad,73,32
Perfect execution and great features! Best app I've downloaded this year!,Positive,Utilities,5,5.1.2,iPhone,73,0
Incredible app that exceeds expectations! Simple yet powerful interface!,Positive,Education,5,5.3.6,iPhone,72,43
Amazing functionality and beautiful design! This app is a game changer!,Positive,Health,5,5.7.0,Tablet,71,21
Love this app! Super intuitive interface and works perfectly every time!,Positive,Games,4,5.1.0,Android,72,2
"Perfect app! Clean design, fast performance, and excellent functionality!",Positive,Productivity,4,1.8.0,Tablet,73,6
Brilliant app with incredible attention to detail! Worth every penny!,Positive,Games,4,1.9.0,iPad,69,10
Brilliant app with incredible attention to detail! Worth every penny!,Positive,Games,4,5.5.5,Android,69,38
Perfect execution and great features! Best app I've downloaded this year!,Positive,Utilities,4,2.2.3,Tablet,73,1
Outstanding app that does exactly what it promises! Highly recommend!,Positive,Social,4,5.9.5,iPad,69,1
Excellent app that works flawlessly! Great customer support too!,Positive,Education,5,4.4.5,iPhone,64,44
"Perfect app! Clean design, fast performance, and excellent functionality!",Positive,Education,4,5.1.6,Android,73,19
Love this app! Super intuitive interface and works perfectly every time!,Positive,Utilities,4,3.8.9,iPhone,72,20
Amazing app with great features! Makes my daily tasks so much easier!,Positive,Entertainment,4,2.7.7,Tablet,69,41
Amazing functionality and beautiful design! This app is a game changer!,Positive,Social,4,3.4.5,Android,71,38
Amazing app with great features! Makes my daily tasks so much easier!,Positive,Games,4,5.8.8,Tablet,69,23
"Perfect app! Clean design, fast performance, and excellent functionality!",Positive,Utilities,4,3.6.5,iPad,73,21
Love this app! Super intuitive interface and works perfectly every time!,Positive,Education,5,4.9.5,iPad,72,18
"Perfect app! Clean design, fast performance, and excellent functionality!",Positive,Games,4,1.5.1,iPad,73,5
Love this app! Super intuitive interface and works perfectly every time!,Positive,Productivity,4,1.5.3,iPhone,72,10
Amazing app with great features! Makes my daily tasks so much easier!,Positive,Utilities,5,1.3.5,iPad,69,15
Perfect execution and great features! Best app I've downloaded this year!,Positive,Productivity,4,5.7.6,iPhone,73,44
Perfect execution and great features! Best app I've downloaded this year!,Positive,Education,5,5.6.8,Tablet,73,27
Incredible app that exceeds expectations! Simple yet powerful interface!,Positive,Health,4,5.6.8,iPhone,72,0
Amazing functionality and beautiful design! This app is a game changer!,Positive,Games,5,1.1.5,Android,71,45
Outstanding app that does exactly what it promises! Highly recommend!,Positive,Social,4,5.9.9,iPad,69,13
Excellent app that works flawlessly! Great customer support too!,Positive,Utilities,5,2.8.9,iPad,64,39
Incredible app that exceeds expectations! Simple yet powerful interface!,Positive,Social,4,1.9.5,iPhone,72,14
Excellent app that works flawlessly! Great customer support too!,Positive,Utilities,4,3.8.3,Tablet,64,16
Perfect execution and great features! Best app I've downloaded this year!,Positive,Social,4,4.7.9,Android,73,0
Amazing app with great features! Makes my daily tasks so much easier!,Positive,Education,4,3.5.3,iPhone,69,21
"Perfect app! Clean design, fast performance, and excellent functionality!",Positive,Social,5,4.5.3,iPad,73,24
Love this app! Super intuitive interface and works perfectly every time!,Positive,Social,4,3.4.9,iPad,72,12
Fantastic user experience! This app has become essential to my routine!,Positive,Education,4,2.5.5,iPad,71,40
Excellent app that works flawlessly! Great customer support too!,Positive,Education,5,1.0.7,Tablet,64,15
Amazing functionality and beautiful design! This app is a game changer!,Positive,Education,5,3.7.2,Tablet,71,13
Incredible app that exceeds expectations! Simple yet powerful interface!,Positive,Games,4,1.4.2,iPhone,72,24
Brilliant app with incredible attention to detail! Worth every penny!,Positive,Social,5,3.6.4,iPhone,69,29
Perfect execution and great features! Best app I've downloaded this year!,Positive,Social,5,5.1.2,iPad,73,17
Love this app! Super intuitive interface and works perfectly every time!,Positive,Health,5,1.1.7,iPhone,72,6
Perfect execution and great features! Best app I've downloaded this year!,Positive,Entertainment,5,2.2.8,iPhone,73,35
Perfect execution and great features! Best app I've downloaded this year!,Positive,Games,4,4.0.6,iPad,73,22
Fantastic user experience! This app has become essential to my routine!,Positive,Games,4,2.9.3,Tablet,71,8
Incredible app that exceeds expectations! Simple yet powerful interface!,Positive,Social,4,3.4.7,Android,72,22
Amazing functionality and beautiful design! This app is a game changer!,Positive,Games,4,3.5.2,Android,71,7
Incredible app that exceeds expectations! Simple yet powerful interface!,Positive,Education,4,4.0.4,Tablet,72,11
Outstanding app that does exactly what it promises! Highly recommend!,Positive,Games,5,4.0.7,Tablet,69,35
Perfect execution and great features! Best app I've downloaded this year!,Positive,Utilities,4,4.5.3,iPad,73,36
Fantastic user experience! This app has become essential to my routine!,Positive,Utilities,4,1.1.3,iPhone,71,2
Fantastic user experience! This app has become essential to my routine!,Positive,Health,4,2.1.1,iPad,71,38
"Perfect app! Clean design, fast performance, and excellent functionality!",Positive,Utilities,5,5.1.3,iPad,73,23
Outstanding app that does exactly what it promises! Highly recommend!,Positive,Entertainment,4,2.9.2,Tablet,69,42
Amazing app with great features! Makes my daily tasks so much easier!,Positive,Social,5,3.9.3,iPad,69,6
Excellent app that works flawlessly! Great customer support too!,Positive,Games,5,1.6.7,Android,64,11
Outstanding app that does exactly what it promises! Highly recommend!,Positive,Productivity,4,3.4.1,iPhone,69,26
Brilliant app with incredible attention to detail! Worth every penny!,Positive,Education,5,1.2.1,Android,69,41
Amazing app with great features! Makes my daily tasks so much easier!,Positive,Health,4,5.5.2,iPhone,69,18
Amazing app with great features! Makes my daily tasks so much easier!,Positive,Games,4,3.4.8,iPad,69,39
Amazing functionality and beautiful design! This app is a game changer!,Positive,Social,4,1.6.0,Tablet,71,7
Incredible app that exceeds expectations! Simple yet powerful interface!,Positive,Entertainment,4,4.5.4,Tablet,72,31
Perfect execution and great features! Best app I've downloaded this year!,Positive,Health,4,3.1.5,Tablet,73,42
Incredible app that exceeds expectations! Simple yet powerful interface!,Positive,Health,5,2.7.5,iPad,72,38
Perfect execution and great features! Best app I've downloaded this year!,Positive,Productivity,5,5.4.7,iPhone,73,9
Amazing functionality and beautiful design! This app is a game changer!,Positive,Games,4,4.6.0,Tablet,71,15
Incredible app that exceeds expectations! Simple yet powerful interface!,Positive,Health,4,1.6.1,iPhone,72,14
Amazing app with great features! Makes my daily tasks so much easier!,Positive,Social,4,5.7.3,iPhone,69,25
Amazing functionality and beautiful design! This app is a game changer!,Positive,Productivity,4,5.3.3,Android,71,42
Brilliant app with incredible attention to detail! Worth every penny!,Positive,Utilities,4,4.8.7,iPad,69,0
Amazing functionality and beautiful design! This app is a game changer!,Positive,Education,5,1.4.0,Tablet,71,13
Outstanding app that does exactly what it promises! Highly recommend!,Positive,Social,4,2.8.2,Tablet,69,47
Perfect execution and great features! Best app I've downloaded this year!,Positive,Games,4,1.4.5,iPad,73,36
Outstanding app that does exactly what it promises! Highly recommend!,Positive,Utilities,4,1.4.8,iPhone,69,37
Excellent app that works flawlessly! Great customer support too!,Positive,Health,4,5.5.7,iPad,64,7
Fantastic user experience! This app has become essential to my routine!,Positive,Games,5,1.7.4,iPad,71,31
Amazing app with great features! Makes my daily tasks so much easier!,Positive,Productivity,4,1.9.4,iPhone,69,22
Excellent app that works flawlessly! Great customer support too!,Positive,Education,4,4.1.9,iPad,64,2
Outstanding app that does exactly what it promises! Highly recommend!,Positive,Productivity,5,2.1.0,iPad,69,14
Brilliant app with incredible attention to detail! Worth every penny!,Positive,Social,5,3.5.4,iPhone,69,23
Perfect execution and great features! Best app I've downloaded this year!,Positive,Health,5,4.5.2,iPhone,73,42
Fantastic user experience! This app has become essential to my routine!,Positive,Social,5,5.7.0,iPad,71,25
"Perfect app! Clean design, fast performance, and excellent functionality!",Positive,Games,5,2.6.8,Android,73,31
Incredible app that exceeds expectations! Simple yet powerful interface!,Positive,Health,4,2.3.6,Tablet,72,16
Outstanding app that does exactly what it promises! Highly recommend!,Positive,Utilities,4,1.9.3,iPad,69,29
Perfect execution and great features! Best app I've downloaded this year!,Positive,Entertainment,4,1.2.9,iPad,73,39
Incredible app that exceeds expectations! Simple yet powerful interface!,Positive,Social,5,4.1.6,Tablet,72,2
Brilliant app with incredible attention to detail! Worth every penny!,Positive,Games,4,3.3.0,Android,69,15
Amazing app with great features! Makes my daily tasks so much easier!,Positive,Productivity,5,3.8.0,iPad,69,23
"Perfect app! Clean design, fast performance, and excellent functionality!",Positive,Productivity,5,1.5.5,iPad,73,1
Incredible app that exceeds expectations! Simple yet powerful interface!,Positive,Health,4,5.8.8,Tablet,72,30
Outstanding app that does exactly what it promises! Highly recommend!,Positive,Productivity,5,2.4.3,iPhone,69,38
Perfect execution and great features! Best app I've downloaded this year!,Positive,Health,4,4.4.7,iPad,73,43
Outstanding app that does exactly what it promises! Highly recommend!,Positive,Productivity,5,4.7.5,Tablet,69,34
Excellent app that works flawlessly! Great customer support too!,Positive,Education,5,1.2.5,Android,64,35
Excellent app that works flawlessly! Great customer support too!,Positive,Games,5,1.6.1,Tablet,64,44
Excellent app that works flawlessly! Great customer support too!,Positive,Games,5,5.9.7,iPhone,64,0
Amazing app with great features! Makes my daily tasks so much easier!,Positive,Games,4,2.6.5,iPad,69,6
Amazing functionality and beautiful design! This app is a game changer!,Positive,Social,5,2.1.4,Tablet,71,44
Outstanding app that does exactly what it promises! Highly recommend!,Positive,Productivity,4,1.5.5,iPhone,69,6
"Perfect app! Clean design, fast performance, and excellent functionality!",Positive,Health,4,2.8.9,Tablet,73,9
"Perfect app! Clean design, fast performance, and excellent functionality!",Positive,Games,5,4.4.0,Tablet,73,36
"Perfect app! Clean design, fast performance, and excellent functionality!",Positive,Games,4,5.0.9,iPhone,73,19
Fantastic user experience! This app has become essential to my routine!,Positive,Health,5,4.9.8,iPhone,71,43
Incredible app that exceeds expectations! Simple yet powerful interface!,Positive,Productivity,5,3.3.8,Tablet,72,25
Excellent app that works flawlessly! Great customer support too!,Positive,Social,4,5.3.5,iPhone,64,44
Love this app! Super intuitive interface and works perfectly every time!,Positive,Health,4,4.6.6,iPad,72,6
Fantastic user experience! This app has become essential to my routine!,Positive,Education,5,4.0.0,iPad,71,1
"Perfect app! Clean design, fast performance, and excellent functionality!",Positive,Entertainment,4,2.4.3,Tablet,73,43
Excellent app that works flawlessly! Great customer support too!,Positive,Education,4,4.6.5,Tablet,64,31
Excellent app that works flawlessly! Great customer support too!,Positive,Health,4,5.8.4,iPhone,64,19
Outstanding app that does exactly what it promises! Highly recommend!,Positive,Social,4,1.9.4,iPad,69,4
Excellent app that works flawlessly! Great customer support too!,Positive,Social,4,4.8.7,Tablet,64,21
Outstanding app that does exactly what it promises! Highly recommend!,Positive,Education,5,2.3.0,iPad,69,16
Amazing functionality and beautiful design! This app is a game changer!,Positive,Health,4,5.2.9,Android,71,23
Brilliant app with incredible attention to detail! Worth every penny!,Positive,Health,4,1.2.0,iPad,69,39
"Perfect app! Clean design, fast performance, and excellent functionality!",Positive,Health,4,1.7.1,Android,73,19
Amazing functionality and beautiful design! This app is a game changer!,Positive,Health,5,4.1.1,iPhone,71,23
Incredible app that exceeds expectations! Simple yet powerful interface!,Positive,Health,4,2.9.4,Android,72,14
Amazing app with great features! Makes my daily tasks so much easier!,Positive,Games,5,4.9.2,Tablet,69,16
Fantastic user experience! This app has become essential to my routine!,Positive,Games,4,1.8.7,iPad,71,34
Incredible app that exceeds expectations! Simple yet powerful interface!,Positive,Entertainment,5,3.5.1,Tablet,72,21
Perfect execution and great features! Best app I've downloaded this year!,Positive,Productivity,5,2.0.6,iPad,73,14
Incredible app that exceeds expectations! Simple yet powerful interface!,Positive,Education,4,3.3.3,Tablet,72,43
Amazing functionality and beautiful design! This app is a game changer!,Positive,Utilities,4,4.7.3,Android,71,25
Incredible app that exceeds expectations! Simple yet powerful interface!,Positive,Social,4,5.1.4,iPad,72,21
Love this app! Super intuitive interface and works perfectly every time!,Positive,Productivity,4,4.3.4,Android,72,2
"Perfect app! Clean design, fast performance, and excellent functionality!",Positive,Health,5,1.9.1,iPad,73,14
Excellent app that works flawlessly! Great customer support too!,Positive,Productivity,4,1.3.7,iPhone,64,34
Fantastic user experience! This app has become essential to my routine!,Positive,Productivity,4,2.7.1,Tablet,71,44
Outstanding app that does exactly what it promises! Highly recommend!,Positive,Social,5,1.5.8,Tablet,69,38
"Complete waste of money! App is slow, buggy, and completely unreliable!",Negative,Health,1,5.5.5,iPhone,71,29
Terrible design and even worse functionality! Avoid this app completely!,Negative,Games,1,5.6.3,iPhone,72,26
"Complete waste of money! App is slow, buggy, and completely unreliable!",Negative,Productivity,1,2.0.5,iPhone,71,30
Worst app ever! Doesn't work as advertised and customer support is useless!,Negative,Education,1,3.4.1,iPad,75,20
Worst app ever! Doesn't work as advertised and customer support is useless!,Negative,Utilities,1,5.4.0,iPhone,75,42
Horrible performance and crashes every few minutes! Very frustrating!,Negative,Utilities,2,2.4.0,Tablet,69,13
Completely broken app! Loses progress and crashes during important tasks!,Negative,Games,1,4.1.1,Tablet,73,2
"Complete waste of money! App is slow, buggy, and completely unreliable!",Negative,Health,1,4.2.4,Tablet,71,25
Horrible user experience! Confusing interface and full of bugs!,Negative,Utilities,2,3.4.0,Android,63,33
Worst app ever! Doesn't work as advertised and customer support is useless!,Negative,Productivity,2,2.3.5,iPad,75,34
Terrible app! Crashes constantly and loses all my data every time!,Negative,Education,1,3.8.1,Tablet,66,10
Awful app that never works properly! Constant crashes and data loss!,Negative,Health,2,5.2.6,iPhone,68,28
Horrible user experience! Confusing interface and full of bugs!,Negative,Health,2,2.4.6,iPhone,63,26
Worst app ever! Doesn't work as advertised and customer support is useless!,Negative,Utilities,1,5.2.8,Android,75,31
Worst app ever! Doesn't work as advertised and customer support is useless!,Negative,Productivity,1,2.9.9,Android,75,4
Worst app I've ever used! Nothing works and support doesn't respond!,Negative,Entertainment,2,5.5.2,iPhone,68,1
Terrible app! Crashes constantly and loses all my data every time!,Negative,Health,2,1.5.7,Tablet,66,11
Horrible user experience! Confusing interface and full of bugs!,Negative,Health,1,2.2.8,iPad,63,50
Terrible experience! App is full of bugs and completely unreliable!,Negative,Health,2,1.5.5,Tablet,67,14
Horrible performance and crashes every few minutes! Very frustrating!,Negative,Education,1,1.7.2,Android,69,37
Horrible user experience! Confusing interface and full of bugs!,Negative,Education,2,3.0.8,iPhone,63,38
Terrible app! Crashes constantly and loses all my data every time!,Negative,Social,1,1.1.6,iPad,66,0
Horrible user experience! Confusing interface and full of bugs!,Negative,Productivity,2,3.5.9,Tablet,63,27
Terrible design and even worse functionality! Avoid this app completely!,Negative,Health,1,5.8.4,Android,72,9
Terrible app! Crashes constantly and loses all my data every time!,Negative,Education,2,3.7.1,Android,66,15
Terrible experience! App is full of bugs and completely unreliable!,Negative,Games,1,4.4.8,iPhone,67,19
Horrible user experience! Confusing interface and full of bugs!,Negative,Health,1,3.9.2,iPhone,63,26
Terrible design and even worse functionality! Avoid this app completely!,Negative,Social,2,5.1.0,Tablet,72,2
Completely broken app! Loses progress and crashes during important tasks!,Negative,Entertainment,2,1.6.3,Android,73,30
"Complete waste of money! App is slow, buggy, and completely unreliable!",Negative,Entertainment,1,2.0.0,iPad,71,40
"Complete waste of money! App is slow, buggy, and completely unreliable!",Negative,Health,1,2.5.7,Android,71,11
Horrible user experience! Confusing interface and full of bugs!,Negative,Entertainment,2,5.2.9,Tablet,63,13
Worst app ever! Doesn't work as advertised and customer support is useless!,Negative,Productivity,2,5.9.6,Android,75,25
Awful app that never works properly! Constant crashes and data loss!,Negative,Health,1,1.8.2,Tablet,68,39
Terrible experience! App is full of bugs and completely unreliable!,Negative,Games,2,4.7.5,iPad,67,9
Worst app I've ever used! Nothing works and support doesn't respond!,Negative,Utilities,2,2.9.0,Android,68,21
Awful app that never works properly! Constant crashes and data loss!,Negative,Productivity,2,4.0.9,iPhone,68,42
Terrible design and even worse functionality! Avoid this app completely!,Negative,Games,2,5.9.0,iPad,72,32
Worst app ever! Doesn't work as advertised and customer support is useless!,Negative,Education,2,5.3.6,iPad,75,26
Terrible app! Crashes constantly and loses all my data every time!,Negative,Games,1,3.9.5,Tablet,66,10
Terrible app! Crashes constantly and loses all my data every time!,Negative,Health,2,3.2.0,Android,66,20
"Complete waste of money! App is slow, buggy, and completely unreliable!",Negative,Health,2,4.7.0,Tablet,71,48
"Complete waste of money! App is slow, buggy, and completely unreliable!",Negative,Health,1,1.1.4,iPad,71,15
Completely broken app! Loses progress and crashes during important tasks!,Negative,Games,2,2.6.2,Android,73,39
Awful app that never works properly! Constant crashes and data loss!,Negative,Health,2,1.6.2,Tablet,68,1
Worst app I've ever used! Nothing works and support doesn't respond!,Negative,Health,2,2.3.7,Tablet,68,19
Terrible design and even worse functionality! Avoid this app completely!,Negative,Utilities,1,1.2.9,Tablet,72,16
Terrible app! Crashes constantly and loses all my data every time!,Negative,Entertainment,1,3.3.1,iPhone,66,30
Horrible user experience! Confusing interface and full of bugs!,Negative,Utilities,1,5.5.6,iPad,63,42
Terrible experience! App is full of bugs and completely unreliable!,Negative,Games,1,4.3.3,Android,67,13
Terrible app! Crashes constantly and loses all my data every time!,Negative,Productivity,1,4.8.3,Android,66,29
Worst app ever! Doesn't work as advertised and customer support is useless!,Negative,Social,2,1.9.9,iPad,75,2
Horrible user experience! Confusing interface and full of bugs!,Negative,Health,2,4.6.8,Android,63,15
Horrible user experience! Confusing interface and full of bugs!,Negative,Productivity,2,1.9.9,iPhone,63,45
Horrible user experience! Confusing interface and full of bugs!,Negative,Education,2,5.5.0,iPad,63,25
Completely broken app! Loses progress and crashes during important tasks!,Negative,Health,1,5.5.2,Tablet,73,11
Awful app that never works properly! Constant crashes and data loss!,Negative,Games,1,3.9.4,iPhone,68,39
Worst app I've ever used! Nothing works and support doesn't respond!,Negative,Games,2,3.2.6,iPad,68,45
Horrible user experience! Confusing interface and full of bugs!,Negative,Games,1,2.8.3,iPad,63,28
Terrible design and even worse functionality! Avoid this app completely!,Negative,Utilities,1,4.9.0,iPhone,72,3
Horrible user experience! Confusing interface and full of bugs!,Negative,Health,2,4.8.9,Tablet,63,7
Terrible design and even worse functionality! Avoid this app completely!,Negative,Games,1,3.7.8,iPad,72,32
"Complete waste of money! App is slow, buggy, and completely unreliable!",Negative,Social,1,2.1.6,Android,71,7
"Complete waste of money! App is slow, buggy, and completely unreliable!",Negative,Health,1,2.1.0,iPhone,71,8
Awful app that never works properly! Constant crashes and data loss!,Negative,Health,1,4.2.9,iPhone,68,31
"Complete waste of money! App is slow, buggy, and completely unreliable!",Negative,Utilities,2,4.6.9,iPhone,71,20
Completely broken app! Loses progress and crashes during important tasks!,Negative,Games,2,4.8.8,iPad,73,32
"Complete waste of money! App is slow, buggy, and completely unreliable!",Negative,Productivity,1,4.1.8,iPhone,71,45
Terrible experience! App is full of bugs and completely unreliable!,Negative,Utilities,2,3.4.2,Android,67,45
Horrible user experience! Confusing interface and full of bugs!,Negative,Games,2,4.8.7,Android,63,30
Worst app I've ever used! Nothing works and support doesn't respond!,Negative,Education,2,5.6.5,Android,68,11
Terrible design and even worse functionality! Avoid this app completely!,Negative,Health,2,1.4.6,Android,72,26
Awful app that never works properly! Constant crashes and data loss!,Negative,Entertainment,2,4.0.6,Android,68,15
Awful app that never works properly! Constant crashes and data loss!,Negative,Utilities,1,3.1.5,Android,68,34
Terrible experience! App is full of bugs and completely unreliable!,Negative,Social,1,3.6.2,Tablet,67,13
Horrible user experience! Confusing interface and full of bugs!,Negative,Health,2,1.1.5,Tablet,63,30
Horrible performance and crashes every few minutes! Very frustrating!,Negative,Education,1,5.9.3,iPad,69,37
Worst app ever! Doesn't work as advertised and customer support is useless!,Negative,Entertainment,1,4.3.4,iPhone,75,3
Horrible performance and crashes every few minutes! Very frustrating!,Negative,Health,1,2.6.8,Tablet,69,23
Horrible performance and crashes every few minutes! Very frustrating!,Negative,Social,2,4.3.5,Tablet,69,29
Horrible performance and crashes every few minutes! Very frustrating!,Negative,Entertainment,2,5.4.8,Tablet,69,26
Terrible design and even worse functionality! Avoid this app completely!,Negative,Social,1,3.6.5,iPad,72,9
Terrible app! Crashes constantly and loses all my data every time!,Negative,Games,2,1.0.3,Android,66,14
Horrible user experience! Confusing interface and full of bugs!,Negative,Games,2,1.3.3,Tablet,63,16
Terrible design and even worse functionality! Avoid this app completely!,Negative,Social,1,5.6.3,Tablet,72,17
"Complete waste of money! App is slow, buggy, and completely unreliable!",Negative,Games,1,1.5.1,Android,71,19
Worst app ever! Doesn't work as advertised and customer support is useless!,Negative,Games,1,1.1.5,Tablet,75,8
"Complete waste of money! App is slow, buggy, and completely unreliable!",Negative,Social,1,2.0.1,iPhone,71,33
Completely broken app! Loses progress and crashes during important tasks!,Negative,Health,1,3.1.4,iPad,73,0
"Complete waste of money! App is slow, buggy, and completely unreliable!",Negative,Education,1,2.8.8,Android,71,46
Awful app that never works properly! Constant crashes and data loss!,Negative,Entertainment,1,3.3.9,Tablet,68,41
Worst app ever! Doesn't work as advertised and customer support is useless!,Negative,Health,2,3.0.4,Tablet,75,43
"Complete waste of money! App is slow, buggy, and completely unreliable!",Negative,Health,2,4.5.9,iPhone,71,7
Worst app I've ever used! Nothing works and support doesn't respond!,Negative,Social,2,3.0.8,Android,68,39
Terrible experience! App is full of bugs and completely unreliable!,Negative,Games,1,3.3.3,iPad,67,31
Horrible performance and crashes every few minutes! Very frustrating!,Negative,Games,2,4.3.0,Tablet,69,16
Horrible user experience! Confusing interface and full of bugs!,Negative,Health,1,4.7.6,iPhone,63,17
Horrible user experience! Confusing interface and full of bugs!,Negative,Games,1,4.7.5,Tablet,63,19
"Complete waste of money! App is slow, buggy, and completely unreliable!",Negative,Education,1,1.1.5,iPhone,71,10
Terrible design and even worse functionality! Avoid this app completely!,Negative,Social,2,4.6.3,iPad,72,13
Awful app that never works properly! Constant crashes and data loss!,Negative,Education,2,2.2.0,iPad,68,50
Completely broken app! Loses progress and crashes during important tasks!,Negative,Social,2,4.6.6,Android,73,42
Terrible design and even worse functionality! Avoid this app completely!,Negative,Entertainment,1,2.2.1,iPhone,72,13
Horrible performance and crashes every few minutes! Very frustrating!,Negative,Productivity,1,2.6.0,iPhone,69,45
Worst app ever! Doesn't work as advertised and customer support is useless!,Negative,Entertainment,2,1.1.8,iPhone,75,2
Fair quality app with room for improvement in several areas.,Neutral,Utilities,3,4.5.3,Tablet,60,8
Decent app that does the basics but could use some improvements.,Neutral,Utilities,3,5.8.4,iPhone,64,30
It works fine but the interface could be more user-friendly.,Neutral,Health,3,5.3.0,iPad,60,19
Decent app overall but there are better alternatives available.,Neutral,Social,3,4.3.1,iPad,63,42
Fair app with standard features. Gets the job done adequately.,Neutral,Games,3,5.1.4,Android,62,32
Standard functionality with average performance. It's acceptable.,Neutral,Health,3,2.5.5,Tablet,65,8
Fair quality app with room for improvement in several areas.,Neutral,Games,3,3.7.7,iPad,60,22
Fair app with standard features. Gets the job done adequately.,Neutral,Productivity,3,2.9.0,Android,62,41
Average app that meets basic needs but lacks advanced features.,Neutral,Entertainment,3,3.6.7,iPad,63,22
Average app that meets basic needs but lacks advanced features.,Neutral,Games,3,3.8.1,Android,63,46
Average app that meets basic needs but lacks advanced features.,Neutral,Games,3,3.8.1,iPhone,63,40
Fair quality app with room for improvement in several areas.,Neutral,Productivity,3,4.6.5,Android,60,26
Reasonable app for the price. Does what it says but nothing more.,Neutral,Productivity,3,1.6.7,Android,65,3
Fair app with standard features. Gets the job done adequately.,Neutral,Social,3,1.1.3,iPhone,62,27
Fair app with standard features. Gets the job done adequately.,Neutral,Utilities,3,1.2.3,Tablet,62,43
Decent app overall but there are better alternatives available.,Neutral,Education,3,3.3.9,iPhone,63,49
Average app that meets basic needs but lacks advanced features.,Neutral,Entertainment,3,3.3.2,Android,63,2
Fair app with standard features. Gets the job done adequately.,Neutral,Productivity,3,1.6.7,Tablet,62,3
Okay app that serves its purpose but could be more polished.,Neutral,Games,3,3.2.2,iPhone,60,38
It works fine but the interface could be more user-friendly.,Neutral,Productivity,3,2.1.3,iPad,60,3
Standard functionality with average performance. It's acceptable.,Neutral,Entertainment,3,4.2.5,Tablet,65,12
Decent app that does the basics but could use some improvements.,Neutral,Social,3,5.4.3,iPad,64,45
Average app that meets basic needs but lacks advanced features.,Neutral,Health,3,1.2.8,Android,63,19
"It's okay, works as expected but nothing particularly impressive.",Neutral,Education,3,2.1.6,iPad,65,17
Decent app overall but there are better alternatives available.,Neutral,Productivity,3,1.2.6,iPhone,63,12
"It's okay, works as expected but nothing particularly impressive.",Neutral,Games,3,4.8.0,Android,65,4
Average app that meets basic needs but lacks advanced features.,Neutral,Education,3,1.8.6,iPad,63,1
Fair app with standard features. Gets the job done adequately.,Neutral,Education,3,4.2.6,Tablet,62,17
Standard functionality with average performance. It's acceptable.,Neutral,Entertainment,3,5.2.3,iPhone,65,44
Average app that meets basic needs but lacks advanced features.,Neutral,Health,3,3.3.1,iPad,63,44
It works fine but the interface could be more user-friendly.,Neutral,Utilities,3,2.6.4,Tablet,60,14
Standard functionality with average performance. It's acceptable.,Neutral,Games,3,2.9.6,Android,65,43
Decent app overall but there are better alternatives available.,Neutral,Health,3,2.9.8,Android,63,0
Fair app with standard features. Gets the job done adequately.,Neutral,Productivity,3,3.9.3,Android,62,3
Decent app that does the basics but could use some improvements.,Neutral,Social,3,1.0.6,Android,64,6
Decent app that does the basics but could use some improvements.,Neutral,Games,3,2.9.2,iPhone,64,6
Fair quality app with room for improvement in several areas.,Neutral,Utilities,3,5.8.3,iPhone,60,20
Decent app that does the basics but could use some improvements.,Neutral,Social,3,1.8.9,Tablet,64,10
Average app that meets basic needs but lacks advanced features.,Neutral,Entertainment,3,4.5.6,Tablet,63,40
It works fine but the interface could be more user-friendly.,Neutral,Productivity,3,4.6.1,iPad,60,2
Standard functionality with average performance. It's acceptable.,Neutral,Productivity,3,5.4.4,iPad,65,12
Standard functionality with average performance. It's acceptable.,Neutral,Games,3,5.4.3,iPhone,65,5
Reasonable app for the price. Does what it says but nothing more.,Neutral,Entertainment,3,5.5.7,iPhone,65,2
Decent app overall but there are better alternatives available.,Neutral,Games,3,2.3.6,Tablet,63,46
Average app that meets basic needs but lacks advanced features.,Neutral,Entertainment,3,1.8.9,Tablet,63,31
Average app that meets basic needs but lacks advanced features.,Neutral,Productivity,3,4.3.3,Android,63,48
Decent app that does the basics but could use some improvements.,Neutral,Productivity,3,1.1.2,Android,64,25
Decent app that does the basics but could use some improvements.,Neutral,Entertainment,3,1.8.2,Android,64,15
Fair quality app with room for improvement in several areas.,Neutral,Health,3,4.4.6,Android,60,18
Fair quality app with room for improvement in several areas.,Neutral,Education,3,2.1.4,Tablet,60,33
It works fine but the interface could be more user-friendly.,Neutral,Entertainment,3,2.3.6,Tablet,60,44
Decent app that does the basics but could use some improvements.,Neutral,Education,3,2.8.9,Android,64,48
Standard functionality with average performance. It's acceptable.,Neutral,Health,3,5.2.9,Tablet,65,17
It works fine but the interface could be more user-friendly.,Neutral,Productivity,3,4.8.9,Tablet,60,26
Fair quality app with room for improvement in several areas.,Neutral,Education,3,4.4.8,iPhone,60,2
Okay app that serves its purpose but could be more polished.,Neutral,Games,3,2.8.7,iPad,60,36
Average app that meets basic needs but lacks advanced features.,Neutral,Games,3,3.2.2,Tablet,63,16
Fair app with standard features. Gets the job done adequately.,Neutral,Education,3,1.2.7,iPad,62,40
Okay app that serves its purpose but could be more polished.,Neutral,Games,3,3.1.5,Tablet,60,9
It works fine but the interface could be more user-friendly.,Neutral,Entertainment,3,5.2.1,Android,60,21
Reasonable app for the price. Does what it says but nothing more.,Neutral,Games,3,1.3.2,Tablet,65,19
It works fine but the interface could be more user-friendly.,Neutral,Social,3,3.7.2,iPhone,60,0
Fair app with standard features. Gets the job done adequately.,Neutral,Games,3,2.0.0,Android,62,28
Standard functionality with average performance. It's acceptable.,Neutral,Social,3,1.6.2,iPad,65,16
Fair quality app with room for improvement in several areas.,Neutral,Games,3,1.3.9,Android,60,14
Okay app that serves its purpose but could be more polished.,Neutral,Entertainment,3,2.7.4,iPad,60,26
Standard functionality with average performance. It's acceptable.,Neutral,Utilities,3,5.1.2,Tablet,65,32
Reasonable app for the price. Does what it says but nothing more.,Neutral,Entertainment,3,2.4.8,Tablet,65,36
Fair app with standard features. Gets the job done adequately.,Neutral,Games,3,3.0.2,Tablet,62,27
Fair quality app with room for improvement in several areas.,Neutral,Games,3,1.4.8,iPhone,60,49
It works fine but the interface could be more user-friendly.,Neutral,Games,3,1.4.0,Android,60,5
Decent app that does the basics but could use some improvements.,Neutral,Social,3,5.9.0,Android,64,18
Average app that meets basic needs but lacks advanced features.,Neutral,Utilities,3,1.6.2,iPhone,63,1
Reasonable app for the price. Does what it says but nothing more.,Neutral,Productivity,3,3.4.5,iPad,65,50
Standard functionality with average performance. It's acceptable.,Neutral,Utilities,3,2.9.9,iPhone,65,7
Standard functionality with average performance. It's acceptable.,Neutral,Education,3,4.8.9,Android,65,30
"It's okay, works as expected but nothing particularly impressive.",Neutral,Games,3,5.0.4,Tablet,65,12
It works fine but the interface could be more user-friendly.,Neutral,Utilities,3,5.7.6,Tablet,60,2
It works fine but the interface could be more user-friendly.,Neutral,Social,3,4.2.1,iPhone,60,5
Standard functionality with average performance. It's acceptable.,Neutral,Social,3,1.3.4,Tablet,65,27
Fair app with standard features. Gets the job done adequately.,Neutral,Utilities,3,2.5.6,Android,62,19
Fair quality app with room for improvement in several areas.,Neutral,Social,3,4.3.9,iPad,60,38
Fair quality app with room for improvement in several areas.,Neutral,Education,3,4.0.3,Tablet,60,2
Reasonable app for the price. Does what it says but nothing more.,Neutral,Games,3,1.8.1,Tablet,65,4
Decent app overall but there are better alternatives available.,Neutral,Social,3,4.5.4,iPhone,63,18
Fair quality app with room for improvement in several areas.,Neutral,Productivity,3,4.1.2,Tablet,60,6
Decent app overall but there are better alternatives available.,Neutral,Entertainment,3,5.2.3,Tablet,63,49
Average app that meets basic needs but lacks advanced features.,Neutral,Health,3,3.2.7,iPhone,63,25
Decent app overall but there are better alternatives available.,Neutral,Education,3,1.0.0,iPhone,63,44
Reasonable app for the price. Does what it says but nothing more.,Neutral,Health,3,1.0.7,Android,65,29
Okay app that serves its purpose but could be more polished.,Neutral,Games,3,1.9.6,Android,60,10
Reasonable app for the price. Does what it says but nothing more.,Neutral,Health,3,5.3.3,Android,65,20
Fair app with standard features. Gets the job done adequately.,Neutral,Productivity,3,2.0.6,iPhone,62,33
Standard functionality with average performance. It's acceptable.,Neutral,Health,3,5.4.6,Android,65,6
Decent app overall but there are better alternatives available.,Neutral,Games,3,4.0.1,iPhone,63,50
Decent app overall but there are better alternatives available.,Neutral,Games,3,4.4.8,iPhone,63,8
It works fine but the interface could be more user-friendly.,Neutral,Health,3,1.6.5,Tablet,60,9
Fair app with standard features. Gets the job done adequately.,Neutral,Social,3,5.1.9,iPhone,62,5
Fair quality app with room for improvement in several areas.,Neutral,Utilities,3,1.8.7,iPad,60,40
It works fine but the interface could be more user-friendly.,Neutral,Games,3,1.9.6,iPhone,60,3
"It's okay, works as expected but nothing particularly impressive.",Neutral,Education,3,3.7.8,Android,65,4
Fair quality app with room for improvement in several areas.,Neutral,Productivity,3,2.1.3,iPhone,60,45
Average app that meets basic needs but lacks advanced features.,Neutral,Entertainment,3,4.6.9,iPhone,63,36
Fair app with standard features. Gets the job done adequately.,Neutral,Social,3,5.5.5,iPhone,62,18
Decent app that does the basics but could use some improvements.,Neutral,Entertainment,3,1.3.4,iPad,64,31
