text,sentiment,source,category
Outstanding quality and excellent customer service. Highly recommend!,Positive,Product Reviews,Beauty
Fantastic quality and arrived quickly. Very satisfied with this buy.,Positive,Product Reviews,Sports
Top-notch quality and great price. Couldn't be happier!,Positive,Product Reviews,Home & Garden
Excellent product! Works perfectly and looks great too.,Positive,Product Reviews,Beauty
"Perfect product, exactly as described. Will definitely buy again!",Positive,Product Reviews,Home & Garden
Superb product with excellent build quality. Highly recommended!,Positive,Product Reviews,Home & Garden
Incredible value for money. Best purchase I've made this year!,Positive,Product Reviews,Sports
This is exactly what I was looking for. Perfect in every way!,Positive,Product Reviews,Home & Garden
Impressive quality and attention to detail. Very satisfied!,Positive,Product Reviews,Books
Amazing! This has made my life so much easier. Love it!,Positive,Product Reviews,Electronics
Absolutely love this purchase! Worth every penny and more.,Positive,Product Reviews,Books
Brilliant product! Exceeded my expectations in every aspect.,Positive,Product Reviews,Books
This is exactly what I was looking for. Perfect in every way!,Positive,Product Reviews,Automotive
Great product at an unbeatable price. Highly recommend to everyone!,Positive,Product Reviews,Clothing
Love this product! It's become an essential part of my daily routine.,Positive,Product Reviews,Books
Outstanding performance and great design. Very impressed!,Positive,Product Reviews,Beauty
This is exactly what I was looking for. Perfect in every way!,Positive,Product Reviews,Books
Exceptional value and quality. This company knows what they're doing!,Positive,Product Reviews,Home & Garden
Excellent product! Works perfectly and looks great too.,Positive,Product Reviews,Beauty
Love this product! It's become an essential part of my daily routine.,Positive,Product Reviews,Books
Incredible value for money. Best purchase I've made this year!,Positive,Product Reviews,Clothing
"Perfect product, exactly as described. Will definitely buy again!",Positive,Product Reviews,Clothing
Incredible value for money. Best purchase I've made this year!,Positive,Product Reviews,Sports
This is exactly what I was looking for. Perfect in every way!,Positive,Product Reviews,Automotive
Incredible value for money. Best purchase I've made this year!,Positive,Product Reviews,Clothing
Absolutely love this purchase! Worth every penny and more.,Positive,Product Reviews,Electronics
Brilliant product! Exceeded my expectations in every aspect.,Positive,Product Reviews,Beauty
Outstanding performance and great design. Very impressed!,Positive,Product Reviews,Books
Great product at an unbeatable price. Highly recommend to everyone!,Positive,Product Reviews,Automotive
Outstanding performance and great design. Very impressed!,Positive,Product Reviews,Automotive
Impressive quality and attention to detail. Very satisfied!,Positive,Product Reviews,Beauty
Superb product with excellent build quality. Highly recommended!,Positive,Product Reviews,Books
Amazing! This has made my life so much easier. Love it!,Positive,Product Reviews,Electronics
Absolutely love this purchase! Worth every penny and more.,Positive,Product Reviews,Beauty
Outstanding quality and excellent customer service. Highly recommend!,Positive,Product Reviews,Beauty
Amazing customer service and even better product quality!,Positive,Product Reviews,Electronics
Impressive quality and attention to detail. Very satisfied!,Positive,Product Reviews,Books
Exceptional value and quality. This company knows what they're doing!,Positive,Product Reviews,Beauty
Brilliant product! Exceeded my expectations in every aspect.,Positive,Product Reviews,Electronics
Exceptional value and quality. This company knows what they're doing!,Positive,Product Reviews,Electronics
Superb product with excellent build quality. Highly recommended!,Positive,Product Reviews,Home & Garden
Fantastic quality and arrived quickly. Very satisfied with this buy.,Positive,Product Reviews,Sports
Impressive quality and attention to detail. Very satisfied!,Positive,Product Reviews,Home & Garden
Brilliant product! Exceeded my expectations in every aspect.,Positive,Product Reviews,Electronics
Amazing! This has made my life so much easier. Love it!,Positive,Product Reviews,Beauty
This is exactly what I was looking for. Perfect in every way!,Positive,Product Reviews,Beauty
Superb product with excellent build quality. Highly recommended!,Positive,Product Reviews,Electronics
Incredible value for money. Best purchase I've made this year!,Positive,Product Reviews,Home & Garden
Impressive quality and attention to detail. Very satisfied!,Positive,Product Reviews,Electronics
Outstanding performance and great design. Very impressed!,Positive,Product Reviews,Clothing
Just had the most amazing coffee at this new cafe! ☕ #blessed #coffeelover,Positive,Social Media,LinkedIn
Amazing concert last night! The band was incredible! 🎵 #music #livemusic,Positive,Social Media,Twitter
Finished my first marathon today! Feeling incredible! 🏃‍♀️ #achievement #running,Positive,Social Media,Instagram
Finished my first marathon today! Feeling incredible! 🏃‍♀️ #achievement #running,Positive,Social Media,LinkedIn
Finished my first marathon today! Feeling incredible! 🏃‍♀️ #achievement #running,Positive,Social Media,Facebook
Perfect weather for a picnic in the park! 🌞 #beautiful #outdoors,Positive,Social Media,Twitter
Beautiful sunset tonight! Nature never fails to amaze me 🌅 #grateful,Positive,Social Media,LinkedIn
Just had the most amazing coffee at this new cafe! ☕ #blessed #coffeelover,Positive,Social Media,Instagram
Amazing concert last night! The band was incredible! 🎵 #music #livemusic,Positive,Social Media,Twitter
Got promoted at work today! Hard work really pays off! 🎉 #success #career,Positive,Social Media,LinkedIn
Just had the most amazing coffee at this new cafe! ☕ #blessed #coffeelover,Positive,Social Media,Instagram
Beautiful sunset tonight! Nature never fails to amaze me 🌅 #grateful,Positive,Social Media,LinkedIn
Just had the most amazing coffee at this new cafe! ☕ #blessed #coffeelover,Positive,Social Media,Instagram
Perfect weather for a picnic in the park! 🌞 #beautiful #outdoors,Positive,Social Media,Twitter
Beautiful sunset tonight! Nature never fails to amaze me 🌅 #grateful,Positive,Social Media,Facebook
Got promoted at work today! Hard work really pays off! 🎉 #success #career,Positive,Social Media,Twitter
Beautiful sunset tonight! Nature never fails to amaze me 🌅 #grateful,Positive,Social Media,Instagram
Finished my first marathon today! Feeling incredible! 🏃‍♀️ #achievement #running,Positive,Social Media,Twitter
This new restaurant is absolutely fantastic! Must try! 🍽️ #foodie #delicious,Positive,Social Media,TikTok
Finished my first marathon today! Feeling incredible! 🏃‍♀️ #achievement #running,Positive,Social Media,TikTok
Got promoted at work today! Hard work really pays off! 🎉 #success #career,Positive,Social Media,LinkedIn
Best vacation ever! The beaches here are absolutely stunning 🏖️ #paradise,Positive,Social Media,LinkedIn
Beautiful sunset tonight! Nature never fails to amaze me 🌅 #grateful,Positive,Social Media,TikTok
Just adopted the cutest puppy! My heart is so full ❤️ 🐶 #puppylove,Positive,Social Media,Instagram
Just adopted the cutest puppy! My heart is so full ❤️ 🐶 #puppylove,Positive,Social Media,Instagram
Loving this new book! Can't put it down! 📚 #reading #bookworm,Positive,Social Media,Facebook
Perfect weather for a picnic in the park! 🌞 #beautiful #outdoors,Positive,Social Media,TikTok
Just had the most amazing coffee at this new cafe! ☕ #blessed #coffeelover,Positive,Social Media,Twitter
Finished my first marathon today! Feeling incredible! 🏃‍♀️ #achievement #running,Positive,Social Media,LinkedIn
Beautiful sunset tonight! Nature never fails to amaze me 🌅 #grateful,Positive,Social Media,TikTok
Finished my first marathon today! Feeling incredible! 🏃‍♀️ #achievement #running,Positive,Social Media,LinkedIn
Perfect weather for a picnic in the park! 🌞 #beautiful #outdoors,Positive,Social Media,Instagram
Got promoted at work today! Hard work really pays off! 🎉 #success #career,Positive,Social Media,LinkedIn
Perfect weather for a picnic in the park! 🌞 #beautiful #outdoors,Positive,Social Media,Facebook
Perfect weather for a picnic in the park! 🌞 #beautiful #outdoors,Positive,Social Media,LinkedIn
Beautiful sunset tonight! Nature never fails to amaze me 🌅 #grateful,Positive,Social Media,Facebook
Best vacation ever! The beaches here are absolutely stunning 🏖️ #paradise,Positive,Social Media,Facebook
Best vacation ever! The beaches here are absolutely stunning 🏖️ #paradise,Positive,Social Media,Instagram
Best vacation ever! The beaches here are absolutely stunning 🏖️ #paradise,Positive,Social Media,LinkedIn
Finished my first marathon today! Feeling incredible! 🏃‍♀️ #achievement #running,Positive,Social Media,Instagram
Finished my first marathon today! Feeling incredible! 🏃‍♀️ #achievement #running,Positive,Social Media,LinkedIn
Best vacation ever! The beaches here are absolutely stunning 🏖️ #paradise,Positive,Social Media,Facebook
Got promoted at work today! Hard work really pays off! 🎉 #success #career,Positive,Social Media,Twitter
Amazing concert last night! The band was incredible! 🎵 #music #livemusic,Positive,Social Media,Instagram
Just adopted the cutest puppy! My heart is so full ❤️ 🐶 #puppylove,Positive,Social Media,TikTok
Loving this new book! Can't put it down! 📚 #reading #bookworm,Positive,Social Media,TikTok
Just adopted the cutest puppy! My heart is so full ❤️ 🐶 #puppylove,Positive,Social Media,Facebook
Perfect weather for a picnic in the park! 🌞 #beautiful #outdoors,Positive,Social Media,Instagram
Perfect weather for a picnic in the park! 🌞 #beautiful #outdoors,Positive,Social Media,Facebook
Loving this new book! Can't put it down! 📚 #reading #bookworm,Positive,Social Media,Twitter
The representative was patient and explained everything clearly.,Positive,Customer Feedback,Billing
Quick response time and very knowledgeable staff. Excellent experience!,Positive,Customer Feedback,General Inquiry
Wonderful experience from start to finish. Great team!,Positive,Customer Feedback,Sales
Outstanding customer service! They went above and beyond to help me.,Positive,Customer Feedback,Complaints
Quick response time and very knowledgeable staff. Excellent experience!,Positive,Customer Feedback,Billing
Outstanding customer service! They went above and beyond to help me.,Positive,Customer Feedback,Technical Support
Professional and courteous service. Problem solved in minutes!,Positive,Customer Feedback,General Inquiry
Wonderful experience from start to finish. Great team!,Positive,Customer Feedback,Complaints
Professional and courteous service. Problem solved in minutes!,Positive,Customer Feedback,Technical Support
The support team was incredibly helpful and resolved my issue quickly.,Positive,Customer Feedback,Sales
The support team was incredibly helpful and resolved my issue quickly.,Positive,Customer Feedback,Billing
The representative was patient and explained everything clearly.,Positive,Customer Feedback,Complaints
"Fast, efficient, and friendly service. Couldn't ask for more!",Positive,Customer Feedback,Sales
The representative was patient and explained everything clearly.,Positive,Customer Feedback,General Inquiry
Best customer service I've ever experienced. Truly impressed!,Positive,Customer Feedback,Sales
They made a difficult situation easy to resolve. Thank you!,Positive,Customer Feedback,Billing
Wonderful experience from start to finish. Great team!,Positive,Customer Feedback,Sales
Exceeded my expectations with their helpfulness and expertise.,Positive,Customer Feedback,Billing
"Fast, efficient, and friendly service. Couldn't ask for more!",Positive,Customer Feedback,Sales
Exceeded my expectations with their helpfulness and expertise.,Positive,Customer Feedback,General Inquiry
Professional and courteous service. Problem solved in minutes!,Positive,Customer Feedback,General Inquiry
The representative was patient and explained everything clearly.,Positive,Customer Feedback,Technical Support
Outstanding customer service! They went above and beyond to help me.,Positive,Customer Feedback,Complaints
Wonderful experience from start to finish. Great team!,Positive,Customer Feedback,Billing
Best customer service I've ever experienced. Truly impressed!,Positive,Customer Feedback,Complaints
Outstanding customer service! They went above and beyond to help me.,Positive,Customer Feedback,Complaints
Wonderful experience from start to finish. Great team!,Positive,Customer Feedback,Complaints
The support team was incredibly helpful and resolved my issue quickly.,Positive,Customer Feedback,Sales
Professional and courteous service. Problem solved in minutes!,Positive,Customer Feedback,Sales
They made a difficult situation easy to resolve. Thank you!,Positive,Customer Feedback,Billing
Local Community Raises $100K for Children's Hospital,Positive,News Headlines,Health
"Technology Company Announces 1,000 New Jobs",Positive,News Headlines,Economy
Medical Research Shows Promising Cancer Treatment Results,Positive,News Headlines,Sports
Local Community Raises $100K for Children's Hospital,Positive,News Headlines,Environment
Student Wins International Science Competition,Positive,News Headlines,Politics
Medical Research Shows Promising Cancer Treatment Results,Positive,News Headlines,Entertainment
Unemployment Rate Drops to Lowest Level in Decade,Positive,News Headlines,Politics
Local Community Raises $100K for Children's Hospital,Positive,News Headlines,Technology
City Opens New Public Park with Free Activities,Positive,News Headlines,Politics
Local School Receives Award for Excellence in Education,Positive,News Headlines,Sports
Environmental Initiative Successfully Cleans Up River,Positive,News Headlines,Sports
"Technology Company Announces 1,000 New Jobs",Positive,News Headlines,Environment
Environmental Initiative Successfully Cleans Up River,Positive,News Headlines,Sports
Scientists Discover Breakthrough Treatment for Rare Disease,Positive,News Headlines,Economy
Medical Research Shows Promising Cancer Treatment Results,Positive,News Headlines,Economy
Student Wins International Science Competition,Positive,News Headlines,Health
Environmental Initiative Successfully Cleans Up River,Positive,News Headlines,Environment
Student Wins International Science Competition,Positive,News Headlines,Technology
City Opens New Public Park with Free Activities,Positive,News Headlines,Economy
Unemployment Rate Drops to Lowest Level in Decade,Positive,News Headlines,Technology
"Technology Company Announces 1,000 New Jobs",Positive,News Headlines,Health
Unemployment Rate Drops to Lowest Level in Decade,Positive,News Headlines,Sports
Environmental Initiative Successfully Cleans Up River,Positive,News Headlines,Politics
Student Wins International Science Competition,Positive,News Headlines,Health
City Opens New Public Park with Free Activities,Positive,News Headlines,Environment
Unemployment Rate Drops to Lowest Level in Decade,Positive,News Headlines,Technology
Local Community Raises $100K for Children's Hospital,Positive,News Headlines,Health
"New Renewable Energy Project Powers 50,000 Homes",Positive,News Headlines,Technology
"Technology Company Announces 1,000 New Jobs",Positive,News Headlines,Entertainment
Local Community Raises $100K for Children's Hospital,Positive,News Headlines,Environment
Absolutely loved every minute of this incredible movie experience.,Positive,Movie Reviews,Horror
Fantastic acting and direction make this a must-see film.,Positive,Movie Reviews,Sci-Fi
Absolutely brilliant film with outstanding performances and stunning visuals!,Positive,Movie Reviews,Sci-Fi
A cinematic triumph that exceeds all expectations.,Positive,Movie Reviews,Drama
Fantastic acting and direction make this a must-see film.,Positive,Movie Reviews,Comedy
One of the best movies I've seen this year. Highly recommended!,Positive,Movie Reviews,Thriller
Outstanding film with incredible attention to detail and superb acting.,Positive,Movie Reviews,Horror
Fantastic acting and direction make this a must-see film.,Positive,Movie Reviews,Comedy
Fantastic acting and direction make this a must-see film.,Positive,Movie Reviews,Horror
Incredible storytelling and amazing character development throughout.,Positive,Movie Reviews,Horror
A cinematic triumph that exceeds all expectations.,Positive,Movie Reviews,Drama
Brilliant screenplay with perfect casting and excellent cinematography.,Positive,Movie Reviews,Romance
One of the best movies I've seen this year. Highly recommended!,Positive,Movie Reviews,Drama
A cinematic triumph that exceeds all expectations.,Positive,Movie Reviews,Romance
Incredible storytelling and amazing character development throughout.,Positive,Movie Reviews,Romance
Visually stunning with a compelling plot that keeps you engaged.,Positive,Movie Reviews,Documentary
Fantastic acting and direction make this a must-see film.,Positive,Movie Reviews,Documentary
A cinematic triumph that exceeds all expectations.,Positive,Movie Reviews,Comedy
Incredible storytelling and amazing character development throughout.,Positive,Movie Reviews,Horror
A masterpiece of cinema that will be remembered for years to come.,Positive,Movie Reviews,Horror
Outstanding film with incredible attention to detail and superb acting.,Positive,Movie Reviews,Romance
Brilliant screenplay with perfect casting and excellent cinematography.,Positive,Movie Reviews,Drama
Absolutely loved every minute of this incredible movie experience.,Positive,Movie Reviews,Action
One of the best movies I've seen this year. Highly recommended!,Positive,Movie Reviews,Sci-Fi
Incredible storytelling and amazing character development throughout.,Positive,Movie Reviews,Sci-Fi
Incredible storytelling and amazing character development throughout.,Positive,Movie Reviews,Sci-Fi
Absolutely brilliant film with outstanding performances and stunning visuals!,Positive,Movie Reviews,Action
Absolutely loved every minute of this incredible movie experience.,Positive,Movie Reviews,Romance
Incredible storytelling and amazing character development throughout.,Positive,Movie Reviews,Romance
A masterpiece of cinema that will be remembered for years to come.,Positive,Movie Reviews,Horror
Incredible storytelling and amazing character development throughout.,Positive,Movie Reviews,Thriller
One of the best movies I've seen this year. Highly recommended!,Positive,Movie Reviews,Drama
Absolutely brilliant film with outstanding performances and stunning visuals!,Positive,Movie Reviews,Documentary
One of the best movies I've seen this year. Highly recommended!,Positive,Movie Reviews,Sci-Fi
A cinematic triumph that exceeds all expectations.,Positive,Movie Reviews,Sci-Fi
Absolutely loved every minute of this incredible movie experience.,Positive,Movie Reviews,Thriller
Visually stunning with a compelling plot that keeps you engaged.,Positive,Movie Reviews,Horror
Absolutely loved every minute of this incredible movie experience.,Positive,Movie Reviews,Romance
Absolutely brilliant film with outstanding performances and stunning visuals!,Positive,Movie Reviews,Sci-Fi
A cinematic triumph that exceeds all expectations.,Positive,Movie Reviews,Sci-Fi
