text,sentiment,platform,likes,shares,comments,hashtags,time_of_day
Finished my first 5K run today! Feeling so accomplished! 🏃‍♀️ #fitness #goals,Positive,Twitter,126,49,26,4,Night
This new coffee shop has the best latte I've ever tasted! ☕ #coffeelover,Positive,Reddit,237,52,18,4,Afternoon
Best vacation ever! The mountains here are breathtaking! 🏔️ #travel #adventure,Positive,Twitter,32,11,10,0,Afternoon
Beautiful sunset tonight! Nature never fails to amaze me 🌅 #grateful #photography,Positive,Facebook,74,26,7,5,Evening
Amazing concert last night! The energy was incredible! 🎵 #music #liveshow,Positive,Reddit,692,163,30,0,Afternoon
Best vacation ever! The mountains here are breathtaking! 🏔️ #travel #adventure,Positive,TikTok,37,35,15,5,Night
Got the job I interviewed for! Dreams do come true! 🎉 #career #success,Positive,Reddit,246,94,44,5,Morning
Amazing concert last night! The energy was incredible! 🎵 #music #liveshow,Positive,TikTok,123,17,16,0,Night
Just adopted the sweetest rescue dog! My heart is so full ❤️ 🐶 #rescue #love,Positive,Instagram,883,135,31,5,Night
This new coffee shop has the best latte I've ever tasted! ☕ #coffeelover,Positive,Twitter,45,7,7,2,Evening
This new coffee shop has the best latte I've ever tasted! ☕ #coffeelover,Positive,LinkedIn,577,66,66,5,Evening
Got the job I interviewed for! Dreams do come true! 🎉 #career #success,Positive,Reddit,563,109,74,5,Evening
Just adopted the sweetest rescue dog! My heart is so full ❤️ 🐶 #rescue #love,Positive,Twitter,389,45,33,1,Night
Got the job I interviewed for! Dreams do come true! 🎉 #career #success,Positive,LinkedIn,525,86,41,4,Morning
Beautiful sunset tonight! Nature never fails to amaze me 🌅 #grateful #photography,Positive,LinkedIn,591,93,45,4,Morning
Finished my first 5K run today! Feeling so accomplished! 🏃‍♀️ #fitness #goals,Positive,TikTok,0,7,22,1,Night
Just had the most amazing day at the beach! Life is beautiful! 🌊☀️ #blessed,Positive,LinkedIn,35,96,39,0,Afternoon
Just had the most amazing day at the beach! Life is beautiful! 🌊☀️ #blessed,Positive,LinkedIn,291,66,31,2,Evening
Finished my first 5K run today! Feeling so accomplished! 🏃‍♀️ #fitness #goals,Positive,Facebook,49,2,5,5,Evening
Perfect weather for a picnic in the park with friends! 🌞 #friendship #outdoors,Positive,Facebook,625,109,36,5,Afternoon
Got the job I interviewed for! Dreams do come true! 🎉 #career #success,Positive,Instagram,236,42,12,0,Afternoon
This new coffee shop has the best latte I've ever tasted! ☕ #coffeelover,Positive,Facebook,5,20,4,4,Morning
Got the job I interviewed for! Dreams do come true! 🎉 #career #success,Positive,Reddit,86,43,3,5,Morning
Got the job I interviewed for! Dreams do come true! 🎉 #career #success,Positive,LinkedIn,137,75,22,5,Morning
This new coffee shop has the best latte I've ever tasted! ☕ #coffeelover,Positive,Twitter,429,44,18,5,Evening
This new coffee shop has the best latte I've ever tasted! ☕ #coffeelover,Positive,Twitter,351,98,36,5,Evening
Best vacation ever! The mountains here are breathtaking! 🏔️ #travel #adventure,Positive,TikTok,12,69,13,4,Night
Just adopted the sweetest rescue dog! My heart is so full ❤️ 🐶 #rescue #love,Positive,LinkedIn,347,42,35,1,Evening
Amazing concert last night! The energy was incredible! 🎵 #music #liveshow,Positive,LinkedIn,800,98,62,3,Night
Loving this new book series! Can't put it down! 📚 #reading #bookworm,Positive,Instagram,90,19,2,4,Morning
Finished my first 5K run today! Feeling so accomplished! 🏃‍♀️ #fitness #goals,Positive,TikTok,85,9,3,5,Night
Loving this new book series! Can't put it down! 📚 #reading #bookworm,Positive,LinkedIn,63,12,4,0,Night
Best vacation ever! The mountains here are breathtaking! 🏔️ #travel #adventure,Positive,Facebook,96,57,30,0,Night
Finished my first 5K run today! Feeling so accomplished! 🏃‍♀️ #fitness #goals,Positive,TikTok,112,64,34,5,Night
Beautiful sunset tonight! Nature never fails to amaze me 🌅 #grateful #photography,Positive,TikTok,207,27,38,1,Night
Perfect weather for a picnic in the park with friends! 🌞 #friendship #outdoors,Positive,Instagram,147,19,11,4,Morning
Perfect weather for a picnic in the park with friends! 🌞 #friendship #outdoors,Positive,Facebook,504,65,19,1,Morning
Beautiful sunset tonight! Nature never fails to amaze me 🌅 #grateful #photography,Positive,Facebook,226,54,47,5,Afternoon
Finished my first 5K run today! Feeling so accomplished! 🏃‍♀️ #fitness #goals,Positive,Reddit,133,47,15,4,Night
Loving this new book series! Can't put it down! 📚 #reading #bookworm,Positive,TikTok,750,140,69,4,Evening
Perfect weather for a picnic in the park with friends! 🌞 #friendship #outdoors,Positive,Twitter,71,71,18,1,Night
Just adopted the sweetest rescue dog! My heart is so full ❤️ 🐶 #rescue #love,Positive,TikTok,181,22,4,5,Morning
Beautiful sunset tonight! Nature never fails to amaze me 🌅 #grateful #photography,Positive,TikTok,127,79,33,5,Evening
Just had the most amazing day at the beach! Life is beautiful! 🌊☀️ #blessed,Positive,TikTok,566,103,22,4,Evening
Beautiful sunset tonight! Nature never fails to amaze me 🌅 #grateful #photography,Positive,TikTok,3,10,1,0,Morning
Best vacation ever! The mountains here are breathtaking! 🏔️ #travel #adventure,Positive,Twitter,146,16,67,2,Night
Best vacation ever! The mountains here are breathtaking! 🏔️ #travel #adventure,Positive,Reddit,406,52,39,1,Morning
This new coffee shop has the best latte I've ever tasted! ☕ #coffeelover,Positive,Twitter,101,25,20,1,Night
This new coffee shop has the best latte I've ever tasted! ☕ #coffeelover,Positive,TikTok,146,22,6,0,Evening
Just adopted the sweetest rescue dog! My heart is so full ❤️ 🐶 #rescue #love,Positive,LinkedIn,167,43,8,2,Night
Perfect weather for a picnic in the park with friends! 🌞 #friendship #outdoors,Positive,LinkedIn,287,87,2,0,Evening
Loving this new book series! Can't put it down! 📚 #reading #bookworm,Positive,Reddit,679,3,49,1,Night
Finished my first 5K run today! Feeling so accomplished! 🏃‍♀️ #fitness #goals,Positive,Twitter,593,97,46,3,Night
Amazing concert last night! The energy was incredible! 🎵 #music #liveshow,Positive,LinkedIn,70,8,7,3,Night
Got the job I interviewed for! Dreams do come true! 🎉 #career #success,Positive,LinkedIn,40,10,20,1,Afternoon
Got the job I interviewed for! Dreams do come true! 🎉 #career #success,Positive,Twitter,589,107,33,3,Evening
Perfect weather for a picnic in the park with friends! 🌞 #friendship #outdoors,Positive,Instagram,871,171,17,1,Morning
Beautiful sunset tonight! Nature never fails to amaze me 🌅 #grateful #photography,Positive,Instagram,26,2,0,5,Night
Loving this new book series! Can't put it down! 📚 #reading #bookworm,Positive,LinkedIn,553,58,1,4,Afternoon
This new coffee shop has the best latte I've ever tasted! ☕ #coffeelover,Positive,Facebook,491,7,51,3,Morning
This new coffee shop has the best latte I've ever tasted! ☕ #coffeelover,Positive,LinkedIn,405,85,31,3,Night
This new coffee shop has the best latte I've ever tasted! ☕ #coffeelover,Positive,Instagram,38,8,36,3,Morning
Amazing concert last night! The energy was incredible! 🎵 #music #liveshow,Positive,Reddit,262,22,57,3,Morning
Finished my first 5K run today! Feeling so accomplished! 🏃‍♀️ #fitness #goals,Positive,Twitter,352,0,7,1,Evening
Loving this new book series! Can't put it down! 📚 #reading #bookworm,Positive,Reddit,804,106,92,1,Morning
Best vacation ever! The mountains here are breathtaking! 🏔️ #travel #adventure,Positive,Twitter,312,64,23,3,Afternoon
Got the job I interviewed for! Dreams do come true! 🎉 #career #success,Positive,TikTok,69,22,16,2,Afternoon
Loving this new book series! Can't put it down! 📚 #reading #bookworm,Positive,TikTok,70,22,0,0,Evening
This new coffee shop has the best latte I've ever tasted! ☕ #coffeelover,Positive,Reddit,573,35,12,4,Evening
Loving this new book series! Can't put it down! 📚 #reading #bookworm,Positive,Reddit,160,20,13,5,Afternoon
Beautiful sunset tonight! Nature never fails to amaze me 🌅 #grateful #photography,Positive,Twitter,40,35,18,3,Morning
Got the job I interviewed for! Dreams do come true! 🎉 #career #success,Positive,Twitter,44,39,1,2,Night
Just had the most amazing day at the beach! Life is beautiful! 🌊☀️ #blessed,Positive,Facebook,551,63,55,2,Morning
This new coffee shop has the best latte I've ever tasted! ☕ #coffeelover,Positive,Instagram,281,43,29,0,Morning
Perfect weather for a picnic in the park with friends! 🌞 #friendship #outdoors,Positive,Facebook,576,85,25,5,Afternoon
Loving this new book series! Can't put it down! 📚 #reading #bookworm,Positive,TikTok,267,22,2,5,Night
Got the job I interviewed for! Dreams do come true! 🎉 #career #success,Positive,Twitter,273,12,68,0,Morning
Amazing concert last night! The energy was incredible! 🎵 #music #liveshow,Positive,Instagram,82,34,5,5,Morning
Just had the most amazing day at the beach! Life is beautiful! 🌊☀️ #blessed,Positive,TikTok,485,8,45,5,Morning
Finished my first 5K run today! Feeling so accomplished! 🏃‍♀️ #fitness #goals,Positive,LinkedIn,80,3,3,3,Night
Just had the most amazing day at the beach! Life is beautiful! 🌊☀️ #blessed,Positive,TikTok,35,0,0,4,Evening
Perfect weather for a picnic in the park with friends! 🌞 #friendship #outdoors,Positive,Twitter,748,8,81,1,Morning
Perfect weather for a picnic in the park with friends! 🌞 #friendship #outdoors,Positive,Reddit,744,60,17,2,Afternoon
Perfect weather for a picnic in the park with friends! 🌞 #friendship #outdoors,Positive,Instagram,235,22,8,0,Evening
This new coffee shop has the best latte I've ever tasted! ☕ #coffeelover,Positive,Instagram,59,46,22,5,Afternoon
Just adopted the sweetest rescue dog! My heart is so full ❤️ 🐶 #rescue #love,Positive,LinkedIn,165,94,9,2,Evening
Best vacation ever! The mountains here are breathtaking! 🏔️ #travel #adventure,Positive,Twitter,37,71,55,1,Night
Beautiful sunset tonight! Nature never fails to amaze me 🌅 #grateful #photography,Positive,Facebook,241,14,6,1,Evening
Best vacation ever! The mountains here are breathtaking! 🏔️ #travel #adventure,Positive,TikTok,16,38,3,0,Evening
This new coffee shop has the best latte I've ever tasted! ☕ #coffeelover,Positive,Reddit,165,7,0,1,Afternoon
Beautiful sunset tonight! Nature never fails to amaze me 🌅 #grateful #photography,Positive,TikTok,110,2,14,3,Afternoon
Finished my first 5K run today! Feeling so accomplished! 🏃‍♀️ #fitness #goals,Positive,TikTok,78,23,22,0,Evening
Perfect weather for a picnic in the park with friends! 🌞 #friendship #outdoors,Positive,LinkedIn,167,35,39,2,Afternoon
Beautiful sunset tonight! Nature never fails to amaze me 🌅 #grateful #photography,Positive,Twitter,74,0,3,3,Evening
Perfect weather for a picnic in the park with friends! 🌞 #friendship #outdoors,Positive,LinkedIn,125,132,58,1,Evening
This new coffee shop has the best latte I've ever tasted! ☕ #coffeelover,Positive,TikTok,607,89,6,1,Night
Got the job I interviewed for! Dreams do come true! 🎉 #career #success,Positive,TikTok,184,38,44,4,Night
This new coffee shop has the best latte I've ever tasted! ☕ #coffeelover,Positive,Instagram,80,22,30,2,Night
Best vacation ever! The mountains here are breathtaking! 🏔️ #travel #adventure,Positive,Facebook,37,3,2,0,Evening
Perfect weather for a picnic in the park with friends! 🌞 #friendship #outdoors,Positive,Reddit,88,6,0,1,Morning
Just adopted the sweetest rescue dog! My heart is so full ❤️ 🐶 #rescue #love,Positive,LinkedIn,4,4,2,2,Evening
Just adopted the sweetest rescue dog! My heart is so full ❤️ 🐶 #rescue #love,Positive,Twitter,292,4,20,2,Evening
Best vacation ever! The mountains here are breathtaking! 🏔️ #travel #adventure,Positive,LinkedIn,639,36,38,1,Night
Just adopted the sweetest rescue dog! My heart is so full ❤️ 🐶 #rescue #love,Positive,Reddit,128,50,4,5,Afternoon
Best vacation ever! The mountains here are breathtaking! 🏔️ #travel #adventure,Positive,Twitter,461,77,5,2,Morning
Just had the most amazing day at the beach! Life is beautiful! 🌊☀️ #blessed,Positive,LinkedIn,142,14,31,0,Evening
Beautiful sunset tonight! Nature never fails to amaze me 🌅 #grateful #photography,Positive,TikTok,33,12,2,1,Evening
Finished my first 5K run today! Feeling so accomplished! 🏃‍♀️ #fitness #goals,Positive,Instagram,375,82,36,4,Evening
Loving this new book series! Can't put it down! 📚 #reading #bookworm,Positive,LinkedIn,205,16,23,2,Morning
Loving this new book series! Can't put it down! 📚 #reading #bookworm,Positive,Instagram,187,22,19,3,Morning
Just adopted the sweetest rescue dog! My heart is so full ❤️ 🐶 #rescue #love,Positive,Instagram,2,2,10,5,Morning
Perfect weather for a picnic in the park with friends! 🌞 #friendship #outdoors,Positive,TikTok,97,47,10,1,Evening
Finished my first 5K run today! Feeling so accomplished! 🏃‍♀️ #fitness #goals,Positive,Twitter,198,35,39,1,Morning
Loving this new book series! Can't put it down! 📚 #reading #bookworm,Positive,Reddit,192,18,38,0,Morning
Beautiful sunset tonight! Nature never fails to amaze me 🌅 #grateful #photography,Positive,Instagram,234,19,1,5,Night
Just had the most amazing day at the beach! Life is beautiful! 🌊☀️ #blessed,Positive,Instagram,165,61,45,5,Night
Got the job I interviewed for! Dreams do come true! 🎉 #career #success,Positive,TikTok,230,36,11,0,Morning
This new coffee shop has the best latte I've ever tasted! ☕ #coffeelover,Positive,Instagram,387,48,10,3,Evening
Beautiful sunset tonight! Nature never fails to amaze me 🌅 #grateful #photography,Positive,Facebook,60,7,4,5,Night
Perfect weather for a picnic in the park with friends! 🌞 #friendship #outdoors,Positive,Instagram,570,119,9,1,Morning
Got the job I interviewed for! Dreams do come true! 🎉 #career #success,Positive,Facebook,426,55,1,5,Night
Just adopted the sweetest rescue dog! My heart is so full ❤️ 🐶 #rescue #love,Positive,Facebook,678,109,53,2,Afternoon
This new coffee shop has the best latte I've ever tasted! ☕ #coffeelover,Positive,Twitter,66,5,18,5,Afternoon
Just adopted the sweetest rescue dog! My heart is so full ❤️ 🐶 #rescue #love,Positive,Facebook,195,120,6,3,Night
Just had the most amazing day at the beach! Life is beautiful! 🌊☀️ #blessed,Positive,Instagram,278,4,14,2,Night
Finished my first 5K run today! Feeling so accomplished! 🏃‍♀️ #fitness #goals,Positive,Facebook,250,25,52,5,Evening
Loving this new book series! Can't put it down! 📚 #reading #bookworm,Positive,Twitter,550,160,67,3,Morning
This new coffee shop has the best latte I've ever tasted! ☕ #coffeelover,Positive,LinkedIn,259,70,82,4,Night
Amazing concert last night! The energy was incredible! 🎵 #music #liveshow,Positive,LinkedIn,112,6,8,2,Morning
Got the job I interviewed for! Dreams do come true! 🎉 #career #success,Positive,Reddit,204,84,62,0,Afternoon
Best vacation ever! The mountains here are breathtaking! 🏔️ #travel #adventure,Positive,LinkedIn,286,6,25,1,Night
Perfect weather for a picnic in the park with friends! 🌞 #friendship #outdoors,Positive,TikTok,104,7,0,5,Night
Best vacation ever! The mountains here are breathtaking! 🏔️ #travel #adventure,Positive,Twitter,11,182,69,5,Morning
Just had the most amazing day at the beach! Life is beautiful! 🌊☀️ #blessed,Positive,LinkedIn,169,83,53,2,Morning
This new coffee shop has the best latte I've ever tasted! ☕ #coffeelover,Positive,TikTok,169,15,6,1,Night
Beautiful sunset tonight! Nature never fails to amaze me 🌅 #grateful #photography,Positive,Reddit,19,0,2,2,Evening
Just adopted the sweetest rescue dog! My heart is so full ❤️ 🐶 #rescue #love,Positive,Reddit,148,74,18,0,Night
Beautiful sunset tonight! Nature never fails to amaze me 🌅 #grateful #photography,Positive,TikTok,312,111,54,1,Afternoon
Just adopted the sweetest rescue dog! My heart is so full ❤️ 🐶 #rescue #love,Positive,Twitter,67,15,7,2,Afternoon
Beautiful sunset tonight! Nature never fails to amaze me 🌅 #grateful #photography,Positive,Instagram,475,50,5,4,Morning
Perfect weather for a picnic in the park with friends! 🌞 #friendship #outdoors,Positive,LinkedIn,189,68,48,3,Morning
Just had the most amazing day at the beach! Life is beautiful! 🌊☀️ #blessed,Positive,TikTok,298,95,36,1,Morning
Amazing concert last night! The energy was incredible! 🎵 #music #liveshow,Positive,LinkedIn,158,81,75,3,Morning
This new coffee shop has the best latte I've ever tasted! ☕ #coffeelover,Positive,LinkedIn,97,72,11,2,Night
Loving this new book series! Can't put it down! 📚 #reading #bookworm,Positive,LinkedIn,552,27,39,2,Evening
Amazing concert last night! The energy was incredible! 🎵 #music #liveshow,Positive,Reddit,542,34,52,0,Morning
Just adopted the sweetest rescue dog! My heart is so full ❤️ 🐶 #rescue #love,Positive,Reddit,244,101,59,5,Morning
Just adopted the sweetest rescue dog! My heart is so full ❤️ 🐶 #rescue #love,Positive,Reddit,16,16,24,3,Evening
Perfect weather for a picnic in the park with friends! 🌞 #friendship #outdoors,Positive,Facebook,586,43,23,4,Morning
Perfect weather for a picnic in the park with friends! 🌞 #friendship #outdoors,Positive,TikTok,307,43,13,5,Morning
Just adopted the sweetest rescue dog! My heart is so full ❤️ 🐶 #rescue #love,Positive,LinkedIn,199,49,13,0,Night
Just adopted the sweetest rescue dog! My heart is so full ❤️ 🐶 #rescue #love,Positive,Twitter,337,14,36,4,Morning
Beautiful sunset tonight! Nature never fails to amaze me 🌅 #grateful #photography,Positive,LinkedIn,86,52,38,1,Morning
Got the job I interviewed for! Dreams do come true! 🎉 #career #success,Positive,Instagram,78,9,23,4,Afternoon
Just adopted the sweetest rescue dog! My heart is so full ❤️ 🐶 #rescue #love,Positive,Facebook,131,48,2,3,Afternoon
Beautiful sunset tonight! Nature never fails to amaze me 🌅 #grateful #photography,Positive,Twitter,0,5,3,0,Afternoon
Loving this new book series! Can't put it down! 📚 #reading #bookworm,Positive,Twitter,642,144,1,1,Night
Just adopted the sweetest rescue dog! My heart is so full ❤️ 🐶 #rescue #love,Positive,Reddit,566,49,38,3,Morning
Loving this new book series! Can't put it down! 📚 #reading #bookworm,Positive,Reddit,557,27,8,1,Morning
Amazing concert last night! The energy was incredible! 🎵 #music #liveshow,Positive,LinkedIn,302,33,27,4,Night
My flight got delayed again! Worst airline experience ever! ✈️ #travel #angry,Negative,Twitter,228,47,21,5,Evening
Stuck in traffic for 3 hours because of construction! So frustrated! 😤 #traffic,Negative,Instagram,35,0,0,4,Morning
Rain completely ruined our outdoor wedding plans. Heartbroken! 😢 #wedding #disaster,Negative,Facebook,40,31,13,5,Morning
Lost my keys and locked out of my apartment. Could this day get worse? 🔑 #badday,Negative,LinkedIn,231,11,26,2,Night
My car broke down in the middle of nowhere. Having the worst luck! 🚗 #stranded,Negative,Facebook,46,6,5,5,Night
Phone died right before important meeting. Technology fails when you need it most! 📱 #frustrated,Negative,Twitter,33,1,3,5,Evening
Rain completely ruined our outdoor wedding plans. Heartbroken! 😢 #wedding #disaster,Negative,Instagram,191,31,11,4,Afternoon
Rain completely ruined our outdoor wedding plans. Heartbroken! 😢 #wedding #disaster,Negative,Instagram,43,37,18,3,Morning
Lost my keys and locked out of my apartment. Could this day get worse? 🔑 #badday,Negative,Twitter,281,55,4,2,Evening
Lost my keys and locked out of my apartment. Could this day get worse? 🔑 #badday,Negative,LinkedIn,190,18,0,5,Morning
Terrible service at this restaurant. Waited 2 hours for cold food! 😠 #disappointed,Negative,TikTok,140,90,28,2,Night
Customer service hung up on me three times today! Absolutely ridiculous! 📞 #angry,Negative,TikTok,188,37,22,0,Morning
This movie was a complete waste of 3 hours of my life! 🎬 #terrible #regret,Negative,Instagram,37,12,6,2,Morning
This movie was a complete waste of 3 hours of my life! 🎬 #terrible #regret,Negative,TikTok,117,37,8,4,Morning
Phone died right before important meeting. Technology fails when you need it most! 📱 #frustrated,Negative,Reddit,183,16,1,4,Afternoon
My car broke down in the middle of nowhere. Having the worst luck! 🚗 #stranded,Negative,Instagram,98,19,8,3,Morning
Terrible service at this restaurant. Waited 2 hours for cold food! 😠 #disappointed,Negative,LinkedIn,167,38,7,3,Night
Phone died right before important meeting. Technology fails when you need it most! 📱 #frustrated,Negative,Reddit,218,40,9,4,Morning
Stuck in traffic for 3 hours because of construction! So frustrated! 😤 #traffic,Negative,Reddit,216,42,25,3,Night
Phone died right before important meeting. Technology fails when you need it most! 📱 #frustrated,Negative,Facebook,12,1,1,4,Evening
Rain completely ruined our outdoor wedding plans. Heartbroken! 😢 #wedding #disaster,Negative,TikTok,60,2,6,1,Night
Phone died right before important meeting. Technology fails when you need it most! 📱 #frustrated,Negative,Facebook,78,33,14,1,Morning
Food poisoning from that new restaurant. Never eating there again! 🤢 #sick,Negative,Facebook,181,86,13,2,Evening
This movie was a complete waste of 3 hours of my life! 🎬 #terrible #regret,Negative,Twitter,197,28,11,0,Night
My flight got delayed again! Worst airline experience ever! ✈️ #travel #angry,Negative,Facebook,31,3,1,5,Morning
Terrible service at this restaurant. Waited 2 hours for cold food! 😠 #disappointed,Negative,TikTok,137,27,13,4,Morning
My car broke down in the middle of nowhere. Having the worst luck! 🚗 #stranded,Negative,TikTok,10,18,1,0,Afternoon
This movie was a complete waste of 3 hours of my life! 🎬 #terrible #regret,Negative,LinkedIn,330,75,18,1,Night
Terrible service at this restaurant. Waited 2 hours for cold food! 😠 #disappointed,Negative,Facebook,141,0,2,2,Afternoon
Rain completely ruined our outdoor wedding plans. Heartbroken! 😢 #wedding #disaster,Negative,TikTok,159,39,8,5,Afternoon
My flight got delayed again! Worst airline experience ever! ✈️ #travel #angry,Negative,LinkedIn,42,23,11,4,Evening
Customer service hung up on me three times today! Absolutely ridiculous! 📞 #angry,Negative,LinkedIn,40,5,14,0,Evening
This movie was a complete waste of 3 hours of my life! 🎬 #terrible #regret,Negative,LinkedIn,251,34,4,1,Evening
Lost my keys and locked out of my apartment. Could this day get worse? 🔑 #badday,Negative,Twitter,33,22,9,5,Evening
Phone died right before important meeting. Technology fails when you need it most! 📱 #frustrated,Negative,Instagram,77,19,4,1,Night
My car broke down in the middle of nowhere. Having the worst luck! 🚗 #stranded,Negative,TikTok,128,47,19,0,Afternoon
This movie was a complete waste of 3 hours of my life! 🎬 #terrible #regret,Negative,LinkedIn,70,14,13,1,Night
My car broke down in the middle of nowhere. Having the worst luck! 🚗 #stranded,Negative,Twitter,403,7,16,4,Night
Stuck in traffic for 3 hours because of construction! So frustrated! 😤 #traffic,Negative,Twitter,29,22,9,2,Morning
Customer service hung up on me three times today! Absolutely ridiculous! 📞 #angry,Negative,LinkedIn,68,13,8,1,Afternoon
My car broke down in the middle of nowhere. Having the worst luck! 🚗 #stranded,Negative,Reddit,133,21,19,3,Night
This movie was a complete waste of 3 hours of my life! 🎬 #terrible #regret,Negative,LinkedIn,10,0,1,1,Morning
My flight got delayed again! Worst airline experience ever! ✈️ #travel #angry,Negative,Facebook,241,72,33,0,Night
Rain completely ruined our outdoor wedding plans. Heartbroken! 😢 #wedding #disaster,Negative,Reddit,17,57,21,2,Afternoon
Phone died right before important meeting. Technology fails when you need it most! 📱 #frustrated,Negative,Twitter,188,39,8,0,Morning
Terrible service at this restaurant. Waited 2 hours for cold food! 😠 #disappointed,Negative,Twitter,83,32,12,0,Night
Lost my keys and locked out of my apartment. Could this day get worse? 🔑 #badday,Negative,LinkedIn,177,19,0,0,Evening
Lost my keys and locked out of my apartment. Could this day get worse? 🔑 #badday,Negative,Facebook,12,3,3,5,Evening
Phone died right before important meeting. Technology fails when you need it most! 📱 #frustrated,Negative,LinkedIn,11,25,17,5,Night
Stuck in traffic for 3 hours because of construction! So frustrated! 😤 #traffic,Negative,Twitter,32,36,8,3,Night
My car broke down in the middle of nowhere. Having the worst luck! 🚗 #stranded,Negative,Twitter,241,44,8,0,Evening
Phone died right before important meeting. Technology fails when you need it most! 📱 #frustrated,Negative,LinkedIn,18,27,6,1,Morning
Stuck in traffic for 3 hours because of construction! So frustrated! 😤 #traffic,Negative,Reddit,16,13,5,0,Evening
My flight got delayed again! Worst airline experience ever! ✈️ #travel #angry,Negative,TikTok,19,53,21,0,Night
Food poisoning from that new restaurant. Never eating there again! 🤢 #sick,Negative,Twitter,8,0,1,1,Evening
Customer service hung up on me three times today! Absolutely ridiculous! 📞 #angry,Negative,Twitter,35,8,8,4,Afternoon
This movie was a complete waste of 3 hours of my life! 🎬 #terrible #regret,Negative,TikTok,308,31,26,3,Night
Rain completely ruined our outdoor wedding plans. Heartbroken! 😢 #wedding #disaster,Negative,LinkedIn,3,28,8,3,Morning
Food poisoning from that new restaurant. Never eating there again! 🤢 #sick,Negative,Twitter,308,44,3,4,Evening
Terrible service at this restaurant. Waited 2 hours for cold food! 😠 #disappointed,Negative,Twitter,326,49,28,1,Afternoon
This movie was a complete waste of 3 hours of my life! 🎬 #terrible #regret,Negative,Instagram,25,3,0,3,Night
Phone died right before important meeting. Technology fails when you need it most! 📱 #frustrated,Negative,TikTok,10,8,16,5,Afternoon
Terrible service at this restaurant. Waited 2 hours for cold food! 😠 #disappointed,Negative,Twitter,28,10,6,5,Morning
My flight got delayed again! Worst airline experience ever! ✈️ #travel #angry,Negative,Reddit,239,65,3,2,Morning
My flight got delayed again! Worst airline experience ever! ✈️ #travel #angry,Negative,Reddit,404,10,23,2,Night
Rain completely ruined our outdoor wedding plans. Heartbroken! 😢 #wedding #disaster,Negative,LinkedIn,267,19,30,2,Evening
Customer service hung up on me three times today! Absolutely ridiculous! 📞 #angry,Negative,Facebook,186,34,0,1,Night
My car broke down in the middle of nowhere. Having the worst luck! 🚗 #stranded,Negative,LinkedIn,83,29,1,1,Evening
This movie was a complete waste of 3 hours of my life! 🎬 #terrible #regret,Negative,LinkedIn,203,31,23,0,Morning
Phone died right before important meeting. Technology fails when you need it most! 📱 #frustrated,Negative,Reddit,29,6,2,2,Morning
This movie was a complete waste of 3 hours of my life! 🎬 #terrible #regret,Negative,Instagram,267,81,29,0,Night
This movie was a complete waste of 3 hours of my life! 🎬 #terrible #regret,Negative,Twitter,190,50,24,2,Night
Phone died right before important meeting. Technology fails when you need it most! 📱 #frustrated,Negative,Facebook,22,8,2,1,Afternoon
Customer service hung up on me three times today! Absolutely ridiculous! 📞 #angry,Negative,TikTok,49,46,2,2,Evening
My car broke down in the middle of nowhere. Having the worst luck! 🚗 #stranded,Negative,Twitter,204,14,5,0,Night
My flight got delayed again! Worst airline experience ever! ✈️ #travel #angry,Negative,Reddit,10,51,7,0,Afternoon
Terrible service at this restaurant. Waited 2 hours for cold food! 😠 #disappointed,Negative,Reddit,251,64,5,0,Evening
This movie was a complete waste of 3 hours of my life! 🎬 #terrible #regret,Negative,Reddit,78,0,10,4,Night
Lost my keys and locked out of my apartment. Could this day get worse? 🔑 #badday,Negative,Instagram,356,2,10,4,Evening
Terrible service at this restaurant. Waited 2 hours for cold food! 😠 #disappointed,Negative,TikTok,107,19,13,0,Afternoon
Lost my keys and locked out of my apartment. Could this day get worse? 🔑 #badday,Negative,Twitter,141,44,5,0,Evening
My car broke down in the middle of nowhere. Having the worst luck! 🚗 #stranded,Negative,Reddit,102,55,8,1,Morning
Stuck in traffic for 3 hours because of construction! So frustrated! 😤 #traffic,Negative,Instagram,325,56,3,4,Night
Phone died right before important meeting. Technology fails when you need it most! 📱 #frustrated,Negative,Twitter,228,40,9,2,Evening
Food poisoning from that new restaurant. Never eating there again! 🤢 #sick,Negative,Reddit,15,1,7,3,Morning
My flight got delayed again! Worst airline experience ever! ✈️ #travel #angry,Negative,Twitter,39,14,5,0,Afternoon
Stuck in traffic for 3 hours because of construction! So frustrated! 😤 #traffic,Negative,TikTok,172,27,27,5,Evening
This movie was a complete waste of 3 hours of my life! 🎬 #terrible #regret,Negative,Twitter,191,20,32,3,Night
This movie was a complete waste of 3 hours of my life! 🎬 #terrible #regret,Negative,LinkedIn,289,28,11,1,Morning
Customer service hung up on me three times today! Absolutely ridiculous! 📞 #angry,Negative,Twitter,287,54,30,3,Evening
This movie was a complete waste of 3 hours of my life! 🎬 #terrible #regret,Negative,Facebook,8,12,8,5,Night
My flight got delayed again! Worst airline experience ever! ✈️ #travel #angry,Negative,Facebook,97,18,8,3,Morning
This movie was a complete waste of 3 hours of my life! 🎬 #terrible #regret,Negative,TikTok,95,15,5,1,Morning
Rain completely ruined our outdoor wedding plans. Heartbroken! 😢 #wedding #disaster,Negative,Facebook,161,3,8,1,Evening
Rain completely ruined our outdoor wedding plans. Heartbroken! 😢 #wedding #disaster,Negative,Facebook,53,13,8,5,Afternoon
Phone died right before important meeting. Technology fails when you need it most! 📱 #frustrated,Negative,LinkedIn,40,18,8,1,Afternoon
My car broke down in the middle of nowhere. Having the worst luck! 🚗 #stranded,Negative,Instagram,163,61,9,4,Night
Lost my keys and locked out of my apartment. Could this day get worse? 🔑 #badday,Negative,LinkedIn,19,36,1,0,Night
My car broke down in the middle of nowhere. Having the worst luck! 🚗 #stranded,Negative,TikTok,132,20,17,1,Evening
My car broke down in the middle of nowhere. Having the worst luck! 🚗 #stranded,Negative,Facebook,245,27,32,3,Evening
My car broke down in the middle of nowhere. Having the worst luck! 🚗 #stranded,Negative,Facebook,129,11,15,0,Afternoon
Food poisoning from that new restaurant. Never eating there again! 🤢 #sick,Negative,TikTok,28,5,1,5,Morning
This movie was a complete waste of 3 hours of my life! 🎬 #terrible #regret,Negative,TikTok,71,13,0,4,Morning
Customer service hung up on me three times today! Absolutely ridiculous! 📞 #angry,Negative,TikTok,261,28,19,1,Morning
Rain completely ruined our outdoor wedding plans. Heartbroken! 😢 #wedding #disaster,Negative,TikTok,276,10,9,2,Evening
This movie was a complete waste of 3 hours of my life! 🎬 #terrible #regret,Negative,TikTok,16,2,1,0,Afternoon
Rain completely ruined our outdoor wedding plans. Heartbroken! 😢 #wedding #disaster,Negative,Facebook,86,78,33,5,Evening
Food poisoning from that new restaurant. Never eating there again! 🤢 #sick,Negative,Reddit,421,24,10,0,Night
Terrible service at this restaurant. Waited 2 hours for cold food! 😠 #disappointed,Negative,Reddit,156,6,1,4,Night
My car broke down in the middle of nowhere. Having the worst luck! 🚗 #stranded,Negative,Twitter,16,10,1,1,Evening
Phone died right before important meeting. Technology fails when you need it most! 📱 #frustrated,Negative,Twitter,123,76,32,4,Night
Rain completely ruined our outdoor wedding plans. Heartbroken! 😢 #wedding #disaster,Negative,Reddit,168,30,25,3,Afternoon
This movie was a complete waste of 3 hours of my life! 🎬 #terrible #regret,Negative,TikTok,237,55,4,0,Afternoon
Food poisoning from that new restaurant. Never eating there again! 🤢 #sick,Negative,Facebook,393,5,13,3,Evening
This movie was a complete waste of 3 hours of my life! 🎬 #terrible #regret,Negative,TikTok,74,8,0,1,Morning
My car broke down in the middle of nowhere. Having the worst luck! 🚗 #stranded,Negative,TikTok,233,75,9,5,Morning
Lost my keys and locked out of my apartment. Could this day get worse? 🔑 #badday,Negative,Facebook,81,71,18,3,Night
My car broke down in the middle of nowhere. Having the worst luck! 🚗 #stranded,Negative,Instagram,23,53,39,0,Night
Customer service hung up on me three times today! Absolutely ridiculous! 📞 #angry,Negative,LinkedIn,109,23,5,0,Afternoon
Terrible service at this restaurant. Waited 2 hours for cold food! 😠 #disappointed,Negative,TikTok,96,24,14,3,Morning
Team meeting went as expected. Covered the usual topics 💼 #work #meeting,Neutral,Instagram,65,29,6,2,Afternoon
Made pasta for dinner tonight. Simple and satisfying 🍝 #cooking #dinner,Neutral,TikTok,8,28,1,4,Evening
Team meeting went as expected. Covered the usual topics 💼 #work #meeting,Neutral,Twitter,42,8,2,5,Afternoon
Watching Netflix after work. Nothing exciting planned tonight 📺 #relaxing,Neutral,LinkedIn,25,0,0,2,Morning
Went for my regular evening walk around the neighborhood 🚶‍♀️ #exercise,Neutral,Facebook,105,0,8,0,Evening
Commute was normal today. No delays or major issues 🚌 #commute #work,Neutral,Twitter,36,5,5,3,Afternoon
"Weather is pretty average today. Not too hot, not too cold 🌤️ #weather",Neutral,Reddit,26,7,4,1,Evening
Watching Netflix after work. Nothing exciting planned tonight 📺 #relaxing,Neutral,TikTok,172,4,8,2,Night
Team meeting went as expected. Covered the usual topics 💼 #work #meeting,Neutral,Twitter,24,4,3,0,Evening
"Weather is pretty average today. Not too hot, not too cold 🌤️ #weather",Neutral,Facebook,157,19,12,5,Night
Watching Netflix after work. Nothing exciting planned tonight 📺 #relaxing,Neutral,Reddit,1,1,0,1,Afternoon
Went for my regular evening walk around the neighborhood 🚶‍♀️ #exercise,Neutral,Facebook,4,1,0,3,Night
Watching Netflix after work. Nothing exciting planned tonight 📺 #relaxing,Neutral,Facebook,64,22,15,4,Evening
Standard workout at the gym today. Keeping up with routine 💪 #fitness,Neutral,LinkedIn,25,4,5,3,Afternoon
Team meeting went as expected. Covered the usual topics 💼 #work #meeting,Neutral,TikTok,27,3,1,2,Morning
Just finished grocery shopping for the week. Standard Sunday routine 🛒 #weekend,Neutral,Twitter,9,3,5,1,Morning
"Weather is pretty average today. Not too hot, not too cold 🌤️ #weather",Neutral,Reddit,101,6,5,3,Evening
Commute was normal today. No delays or major issues 🚌 #commute #work,Neutral,Twitter,10,2,1,0,Evening
"Weather is pretty average today. Not too hot, not too cold 🌤️ #weather",Neutral,Reddit,147,23,12,5,Afternoon
Had lunch at the usual spot downtown. Same as always 🍽️ #lunch #routine,Neutral,Reddit,67,18,3,1,Night
Had lunch at the usual spot downtown. Same as always 🍽️ #lunch #routine,Neutral,TikTok,1,4,0,0,Evening
Commute was normal today. No delays or major issues 🚌 #commute #work,Neutral,TikTok,91,15,8,0,Morning
Watching Netflix after work. Nothing exciting planned tonight 📺 #relaxing,Neutral,Instagram,59,20,8,5,Morning
Went for my regular evening walk around the neighborhood 🚶‍♀️ #exercise,Neutral,Twitter,103,24,8,1,Night
Team meeting went as expected. Covered the usual topics 💼 #work #meeting,Neutral,Reddit,3,22,10,2,Night
"Finished that book I was reading. It was okay, nothing special 📖 #reading",Neutral,Instagram,30,0,2,0,Night
Just finished grocery shopping for the week. Standard Sunday routine 🛒 #weekend,Neutral,Reddit,16,11,3,1,Night
Had lunch at the usual spot downtown. Same as always 🍽️ #lunch #routine,Neutral,Twitter,40,16,1,5,Afternoon
Commute was normal today. No delays or major issues 🚌 #commute #work,Neutral,Twitter,0,0,0,5,Evening
Made pasta for dinner tonight. Simple and satisfying 🍝 #cooking #dinner,Neutral,TikTok,13,21,9,5,Afternoon
Team meeting went as expected. Covered the usual topics 💼 #work #meeting,Neutral,Instagram,5,0,0,1,Evening
"Finished that book I was reading. It was okay, nothing special 📖 #reading",Neutral,Facebook,24,9,5,0,Afternoon
Watching Netflix after work. Nothing exciting planned tonight 📺 #relaxing,Neutral,LinkedIn,8,1,1,5,Morning
Commute was normal today. No delays or major issues 🚌 #commute #work,Neutral,TikTok,43,34,2,0,Evening
Had lunch at the usual spot downtown. Same as always 🍽️ #lunch #routine,Neutral,TikTok,133,17,0,1,Morning
Went for my regular evening walk around the neighborhood 🚶‍♀️ #exercise,Neutral,Instagram,70,10,0,0,Evening
Team meeting went as expected. Covered the usual topics 💼 #work #meeting,Neutral,Instagram,46,5,7,3,Afternoon
Just finished grocery shopping for the week. Standard Sunday routine 🛒 #weekend,Neutral,Instagram,25,2,3,1,Night
Commute was normal today. No delays or major issues 🚌 #commute #work,Neutral,Twitter,49,7,8,1,Night
Made pasta for dinner tonight. Simple and satisfying 🍝 #cooking #dinner,Neutral,Instagram,43,12,3,3,Afternoon
Had lunch at the usual spot downtown. Same as always 🍽️ #lunch #routine,Neutral,Twitter,0,1,0,4,Afternoon
"Weather is pretty average today. Not too hot, not too cold 🌤️ #weather",Neutral,Facebook,6,1,4,2,Afternoon
"Weather is pretty average today. Not too hot, not too cold 🌤️ #weather",Neutral,Twitter,13,2,1,5,Morning
Watching Netflix after work. Nothing exciting planned tonight 📺 #relaxing,Neutral,LinkedIn,5,31,14,2,Night
Made pasta for dinner tonight. Simple and satisfying 🍝 #cooking #dinner,Neutral,Reddit,108,15,15,4,Afternoon
Made pasta for dinner tonight. Simple and satisfying 🍝 #cooking #dinner,Neutral,Twitter,34,9,2,3,Afternoon
Had lunch at the usual spot downtown. Same as always 🍽️ #lunch #routine,Neutral,Instagram,0,1,0,4,Morning
"Finished that book I was reading. It was okay, nothing special 📖 #reading",Neutral,TikTok,117,15,2,1,Morning
Made pasta for dinner tonight. Simple and satisfying 🍝 #cooking #dinner,Neutral,Reddit,129,35,10,5,Evening
Watching Netflix after work. Nothing exciting planned tonight 📺 #relaxing,Neutral,Twitter,1,3,1,0,Morning
"Finished that book I was reading. It was okay, nothing special 📖 #reading",Neutral,Instagram,1,7,5,5,Afternoon
Commute was normal today. No delays or major issues 🚌 #commute #work,Neutral,Instagram,104,1,12,4,Evening
"Weather is pretty average today. Not too hot, not too cold 🌤️ #weather",Neutral,Reddit,15,10,6,2,Night
Just finished grocery shopping for the week. Standard Sunday routine 🛒 #weekend,Neutral,TikTok,61,0,13,2,Afternoon
Watching Netflix after work. Nothing exciting planned tonight 📺 #relaxing,Neutral,Facebook,70,2,6,1,Evening
Commute was normal today. No delays or major issues 🚌 #commute #work,Neutral,Instagram,83,15,9,4,Afternoon
"Finished that book I was reading. It was okay, nothing special 📖 #reading",Neutral,Facebook,44,19,10,2,Evening
"Finished that book I was reading. It was okay, nothing special 📖 #reading",Neutral,Reddit,133,24,1,4,Night
Went for my regular evening walk around the neighborhood 🚶‍♀️ #exercise,Neutral,Twitter,66,0,1,2,Evening
Went for my regular evening walk around the neighborhood 🚶‍♀️ #exercise,Neutral,Instagram,98,4,7,5,Afternoon
Team meeting went as expected. Covered the usual topics 💼 #work #meeting,Neutral,Reddit,28,9,3,0,Evening
Made pasta for dinner tonight. Simple and satisfying 🍝 #cooking #dinner,Neutral,TikTok,17,1,2,2,Afternoon
Team meeting went as expected. Covered the usual topics 💼 #work #meeting,Neutral,Facebook,36,14,5,2,Afternoon
Made pasta for dinner tonight. Simple and satisfying 🍝 #cooking #dinner,Neutral,Instagram,3,1,0,4,Evening
Went for my regular evening walk around the neighborhood 🚶‍♀️ #exercise,Neutral,Reddit,1,0,1,2,Morning
Went for my regular evening walk around the neighborhood 🚶‍♀️ #exercise,Neutral,TikTok,44,5,1,1,Evening
Team meeting went as expected. Covered the usual topics 💼 #work #meeting,Neutral,Twitter,57,8,4,4,Morning
Team meeting went as expected. Covered the usual topics 💼 #work #meeting,Neutral,Instagram,67,16,1,2,Afternoon
Just finished grocery shopping for the week. Standard Sunday routine 🛒 #weekend,Neutral,TikTok,122,21,13,3,Afternoon
Team meeting went as expected. Covered the usual topics 💼 #work #meeting,Neutral,Facebook,39,7,0,5,Afternoon
Commute was normal today. No delays or major issues 🚌 #commute #work,Neutral,TikTok,85,21,11,4,Evening
"Finished that book I was reading. It was okay, nothing special 📖 #reading",Neutral,Facebook,8,1,0,0,Afternoon
Standard workout at the gym today. Keeping up with routine 💪 #fitness,Neutral,TikTok,57,7,3,0,Morning
Team meeting went as expected. Covered the usual topics 💼 #work #meeting,Neutral,Facebook,55,10,2,1,Afternoon
Standard workout at the gym today. Keeping up with routine 💪 #fitness,Neutral,Twitter,51,1,9,5,Night
Team meeting went as expected. Covered the usual topics 💼 #work #meeting,Neutral,Instagram,16,2,0,4,Morning
Went for my regular evening walk around the neighborhood 🚶‍♀️ #exercise,Neutral,Instagram,47,2,7,5,Night
Watching Netflix after work. Nothing exciting planned tonight 📺 #relaxing,Neutral,Reddit,150,23,1,0,Morning
Made pasta for dinner tonight. Simple and satisfying 🍝 #cooking #dinner,Neutral,Instagram,52,4,5,1,Evening
Had lunch at the usual spot downtown. Same as always 🍽️ #lunch #routine,Neutral,Facebook,28,8,4,2,Evening
Made pasta for dinner tonight. Simple and satisfying 🍝 #cooking #dinner,Neutral,LinkedIn,38,13,7,4,Afternoon
Commute was normal today. No delays or major issues 🚌 #commute #work,Neutral,Facebook,46,2,4,5,Night
Commute was normal today. No delays or major issues 🚌 #commute #work,Neutral,Facebook,20,1,2,5,Morning
Made pasta for dinner tonight. Simple and satisfying 🍝 #cooking #dinner,Neutral,Reddit,21,8,2,0,Evening
Just finished grocery shopping for the week. Standard Sunday routine 🛒 #weekend,Neutral,Twitter,37,5,1,2,Evening
Went for my regular evening walk around the neighborhood 🚶‍♀️ #exercise,Neutral,Reddit,12,0,2,1,Morning
Team meeting went as expected. Covered the usual topics 💼 #work #meeting,Neutral,Twitter,88,9,9,3,Morning
Commute was normal today. No delays or major issues 🚌 #commute #work,Neutral,Facebook,116,28,8,4,Evening
Watching Netflix after work. Nothing exciting planned tonight 📺 #relaxing,Neutral,Twitter,31,11,5,5,Afternoon
Went for my regular evening walk around the neighborhood 🚶‍♀️ #exercise,Neutral,LinkedIn,59,12,2,5,Evening
"Finished that book I was reading. It was okay, nothing special 📖 #reading",Neutral,Reddit,54,12,3,1,Morning
Had lunch at the usual spot downtown. Same as always 🍽️ #lunch #routine,Neutral,LinkedIn,57,8,4,3,Morning
Had lunch at the usual spot downtown. Same as always 🍽️ #lunch #routine,Neutral,LinkedIn,6,12,8,1,Evening
Just finished grocery shopping for the week. Standard Sunday routine 🛒 #weekend,Neutral,Instagram,18,12,7,4,Evening
Made pasta for dinner tonight. Simple and satisfying 🍝 #cooking #dinner,Neutral,TikTok,16,4,4,4,Morning
Went for my regular evening walk around the neighborhood 🚶‍♀️ #exercise,Neutral,Facebook,128,8,10,3,Evening
Made pasta for dinner tonight. Simple and satisfying 🍝 #cooking #dinner,Neutral,TikTok,99,19,6,1,Morning
Standard workout at the gym today. Keeping up with routine 💪 #fitness,Neutral,LinkedIn,25,28,7,5,Night
Standard workout at the gym today. Keeping up with routine 💪 #fitness,Neutral,LinkedIn,78,13,1,2,Afternoon
Just finished grocery shopping for the week. Standard Sunday routine 🛒 #weekend,Neutral,Facebook,14,14,10,3,Afternoon
Went for my regular evening walk around the neighborhood 🚶‍♀️ #exercise,Neutral,Twitter,29,9,14,0,Night
Had lunch at the usual spot downtown. Same as always 🍽️ #lunch #routine,Neutral,TikTok,98,21,16,5,Evening
Made pasta for dinner tonight. Simple and satisfying 🍝 #cooking #dinner,Neutral,LinkedIn,36,5,1,1,Night
"Weather is pretty average today. Not too hot, not too cold 🌤️ #weather",Neutral,LinkedIn,9,10,3,4,Morning
Team meeting went as expected. Covered the usual topics 💼 #work #meeting,Neutral,LinkedIn,5,0,1,4,Evening
Watching Netflix after work. Nothing exciting planned tonight 📺 #relaxing,Neutral,TikTok,0,1,0,3,Evening
"Finished that book I was reading. It was okay, nothing special 📖 #reading",Neutral,LinkedIn,118,6,17,4,Afternoon
Made pasta for dinner tonight. Simple and satisfying 🍝 #cooking #dinner,Neutral,Instagram,59,13,3,4,Afternoon
"Weather is pretty average today. Not too hot, not too cold 🌤️ #weather",Neutral,Twitter,55,6,2,5,Afternoon
Had lunch at the usual spot downtown. Same as always 🍽️ #lunch #routine,Neutral,Reddit,2,0,0,1,Night
Had lunch at the usual spot downtown. Same as always 🍽️ #lunch #routine,Neutral,Facebook,83,20,16,1,Evening
Commute was normal today. No delays or major issues 🚌 #commute #work,Neutral,Reddit,1,1,0,3,Afternoon
"Weather is pretty average today. Not too hot, not too cold 🌤️ #weather",Neutral,Facebook,2,7,1,1,Afternoon
"Weather is pretty average today. Not too hot, not too cold 🌤️ #weather",Neutral,TikTok,33,6,3,1,Morning
"Finished that book I was reading. It was okay, nothing special 📖 #reading",Neutral,Twitter,107,5,12,0,Afternoon
Made pasta for dinner tonight. Simple and satisfying 🍝 #cooking #dinner,Neutral,TikTok,105,29,7,3,Evening
"Finished that book I was reading. It was okay, nothing special 📖 #reading",Neutral,Facebook,25,2,3,3,Evening
Standard workout at the gym today. Keeping up with routine 💪 #fitness,Neutral,Reddit,69,11,1,1,Night
Had lunch at the usual spot downtown. Same as always 🍽️ #lunch #routine,Neutral,Facebook,24,6,4,1,Evening
Went for my regular evening walk around the neighborhood 🚶‍♀️ #exercise,Neutral,TikTok,23,2,1,0,Night
